gen,trial,p_old,alpha_old,beta_old,gamma_old,omega_old,sigma_now,sample_vol,alpha_new,beta_new,gamma_new,p_new,vol_inf_current_impl,ratio_inf_to_sigma
lowvol_trap,1,1.000007,4.446708201265119e-06,0.9999999280553837,4.278364157650895e-06,5.506534506291994e-10,0.0006766345573056835,0.000532640275019817,4.357745651121429e-06,0.9799935458695674,4.192769563024763e-06,0.9800000000000001,0.00016592972166390235,0.2452279740553366
lowvol_trap,11,1.0,0.0,0.0,2.0,3.7387324487528326e-07,0.0006114517518784972,0.0006921169412005123,0.0,0.0,1.96,0.98,0.004323616801216794,7.07106781186547
lowvol_trap,18,1.0,0.0,0.6849450391140023,0.630109980702632,7.265138530057556e-08,0.0005265903163058977,0.0005280768522391466,0.0,0.6712461185532418,0.6175077628935167,0.9800000000000002,0.0019059300262677051,3.619379178177947
lowvol_trap,43,1.0,0.4065442516274304,0.6890379525050426,-0.1911644082643581,1.603587974642572e-07,0.0007465376184409689,0.0012007953499539525,0.3984133665947647,0.6752571934547432,-0.18734112009901585,0.9800000000000001,0.0028315967003111333,3.792972558066793
lowvol_trap,46,1.000001,0.0,0.8753076436629358,0.24938713040050775,7.449119988783058e-08,0.0007790818623648127,0.0010428419559084749,0.0,0.8578004538262844,0.2443990923474313,0.9800000000000001,0.001929911913635321,2.4771619092469908
lowvol_trap,48,1.0,1.619585182514857e-08,8.5719711019141e-09,1.9999999982708583,2.0199536646073042e-07,0.00044943894904485505,0.0006452271054885926,1.5871934409254752e-08,8.400531479075798e-09,1.9599999514550681,0.98,0.003178013266655209,7.071067768846255
lowvol_trap,59,1.0,0.0,0.5271639908956305,0.9456720238112676,6.981115035101406e-08,0.0005017269519305275,0.0005329452678104261,0.0,0.5166207096305268,0.9267585807389465,0.98,0.0018683033794196005,3.7237453005679835
lowvol_trap,64,1.000119,0.0,0.9663699755360591,0.06749852390250023,1.195810990732797e-08,0.0006261589234539558,0.000874713832015711,0.0,0.9469296665112445,0.06614066697751088,0.98,0.0007732434903485434,1.2348997377267328
lowvol_trap,68,1.000015,0.8630600374311371,0.5684884556700033,-0.8630677511975526,1.959501547324916e-07,0.0006898193624586941,0.0008170352320570594,0.84578647339674,0.557110542991924,-0.8457940327773279,0.9800000000000001,0.003130097081022348,4.5375604852056854
lowvol_trap,81,1.0,0.0,0.0,2.0,1.253390258604705e-07,0.0006000636999363717,0.000768669252668203,0.0,0.0,1.96,0.98,0.0025033879629461193,4.171870358449558
lowvol_trap,83,1.0,0.0,0.0,2.0,8.97037218965355e-07,0.0009949655832767706,0.0010372441464965717,0.0,0.0,1.96,0.98,0.006697153197312102,6.731040057944545
lowvol_trap,89,1.000005,3.6320388779306482e-06,0.9999999826937865,1.8010760813546006e-06,7.734179503044282e-10,0.0007864591047135118,0.0006319314271723119,3.5593820287986324e-06,0.9799955580946762,1.7650465900643473e-06,0.98,0.00019664917369575032,0.25004373719773376
lowvol_trap,97,1.00082,3.6238072276470578e-06,0.9977385715068148,0.00615476885346974,8.594360394428555e-10,0.0013089515230607198,0.0006049694986590714,3.548422867600121e-06,0.9769830845335128,0.006026734087239392,0.9800000000000001,0.00020729641090029268,0.15836828732631117
lowvol_trap,99,1.000006,0.4748701542303372,0.762572144649926,-0.47487287732719696,1.029049096698349e-07,0.0006886002775765108,0.0007414689086305422,0.46537002397656074,0.7473163223213617,-0.46537269259584463,0.9800000000000002,0.0022683133565475026,3.2940930034630562
lowvol_trap,100,1.0,1.0,0.5000003811536439,-1.0,1.3725002858533914e-07,0.0012059678185735339,0.0006639108396649661,0.9799996264695715,0.4900001867652144,-0.9799996264695715,0.98,0.002619637652284558,2.172228488968444
lowvol_trap,101,1.000001,0.2246783985687275,0.8876609731999614,-0.22467672572883182,1.4203745656339095e-08,0.0003799502599798509,0.0005809572466950183,0.22018460845216062,0.8699068760831977,-0.22018296907071683,0.98,0.0008427261018960753,2.217990591559974
lowvol_trap,106,1.000011,8.421320950411226e-06,0.9999999406185162,6.181906101286518e-06,2.153415812969925e-09,0.001290080566306672,0.0006772079720927675,8.252800012971486e-06,0.9799887181006892,6.058198595363426e-06,0.9799999999999999,0.00032813227614560494,0.25435022022307
lowvol_trap,107,1.003531,0.032540872645661155,0.958328513425378,0.02532240350717247,4.134509739339054e-09,0.0004015951213387534,0.0004648073837426982,0.03177786066479217,0.935857814949828,0.02472864877075954,0.98,0.0004546707456687229,1.132162024660651
lowvol_trap,115,1.000083,0.0002811128467082196,0.999846502961648,-8.936753890227342e-05,1.8631150528751625e-09,0.0012084681916861644,0.0008701763297611654,0.000275467744672337,0.9797683187180891,-8.757292552296145e-05,0.98,0.00030521427332901393,0.2525629349856129
lowvol_trap,116,1.000098,7.27092665675595e-05,1.0,5.0753260852653754e-05,3.781092014821413e-09,0.0017125908286513406,0.0008384936769624026,7.124809280311661e-05,0.9799038852484476,4.973331749854335e-05,0.98,0.00043480409466916303,0.2538867354624162
lowvol_trap,132,1.000316,0.027844100378811375,0.9861311612620717,-0.027319476275462926,6.40629108876454e-09,0.0007070344670327321,0.0006968966901874149,0.027278611328227755,0.9661037096099664,-0.02676464187638823,0.98,0.0005659633861286671,0.800474959168385
lowvol_trap,139,1.0,0.0,0.6225525686261822,0.7548949081704236,7.440371283816465e-08,0.0005658650028567975,0.0005474694704402187,0.0,0.610101503397403,0.7397969932051941,0.98,0.0019287782770210343,3.4085484475687693
lowvol_trap,142,1.0,0.0,0.0,2.0,1.1396601438537792e-07,0.00035113373659702524,0.0004555317432845794,0.0,0.0,1.96,0.98,0.0023871113755476285,6.798296850317093
lowvol_trap,143,1.0,0.3055728713766021,0.14873475737063196,1.0913849457588325,3.2089581045650964e-07,0.0006376736565370893,0.000826750906769959,0.2994613835158128,0.14576004741011397,1.0695571381481466,0.9800000000000001,0.004005594902486465,6.2815750053703
lowvol_trap,146,1.0,1.2417703862168765e-09,2.2359666804496378e-10,1.9999999999121911,3.753190727855746e-07,0.0006126329022545876,0.0007472627822486021,1.2169349767627111e-09,2.1912473437258685e-10,1.9599999971278803,0.9799999999999999,0.004331968794818196,7.0710678105531946
lowvol_trap,147,1.000001,0.3767751981878935,0.7861072532086317,-0.3257638524532202,3.466749516058561e-08,0.0005214972704962314,0.0007791491914304292,0.3692395003106586,0.7703847035615897,-0.3192484077444966,0.9800000000000001,0.0013165769092724087,2.5246093963629344
lowvol_trap,161,1.00001,0.9999999996962776,0.5000104810451527,-0.9999999999999981,3.5683826111974897e-07,0.0008511273277466057,0.0009190871444674188,0.9799897286834005,0.49000513580712124,-0.9799897289810434,0.98,0.004223968874883838,4.962793153483824
lowvol_trap,175,1.0,0.0,0.0,2.0,1.9528701577924042e-07,0.0004419129051965335,0.0005293170234080557,0.0,0.0,1.96,0.98,0.0031247961195831663,7.071067811865473
lowvol_trap,180,1.000003,3.420400248394325e-12,0.8917450034387913,0.21651605491138579,4.306593492894621e-08,0.0006830498532698667,0.0008686266721306933,3.3519820839109643e-12,0.8739074546457425,0.2121850907018113,0.9800000000000001,0.0014674115804529145,2.148322810448147
lowvol_trap,182,1.0,0.04705568996760159,0.8477455488921138,0.21039752228056938,3.739917347972478e-08,0.0005170414769952434,0.0008494468862693794,0.04611457616824956,0.8307906379142715,0.20618957183495798,0.9800000000000001,0.001367464322747123,2.644786508606742
lowvol_trap,186,1.0,0.0,0.6330898619934346,0.7338203056683908,1.900954674224598e-07,0.009579844559760861,0.000763060816138981,0.0,0.6204280555540883,0.7191438888918235,0.98,0.0030829812472869473,0.321819548120508
lowvol_trap,189,1.0,0.0,0.8461768695173242,0.3076465142695211,3.4367512146649174e-08,0.00048710167501262163,0.0006079310566357773,0.0,0.8292532271003277,0.30149354579934456,0.98,0.0013108682646751568,2.6911594271179418
lowvol_trap,193,1.000029,2.397874887558217e-05,1.0,9.736738202276655e-06,4.619656585579026e-09,0.0018871569451363052,0.0009397654989957245,2.3498496034183154e-05,0.9799717306398723,9.541728186872413e-06,0.98,0.00048060673037209024,0.25467236925404585
lowvol_trap,197,1.000001,0.0016105886609786469,4.760445470456788e-08,1.9967808522549308,2.7748969672491676e-08,0.00016658182262866604,0.000325613519938081,0.001578375210904458,4.665231604738724e-08,1.9568431562735589,0.98,0.0011779000312524754,7.070999780559357
crash_cluster,22,1.0,0.3813000513869683,0.8093499743065907,-0.38130005138699236,8.000105240704697e-06,0.009125686846767973,0.011059173797829131,0.3736740503592055,0.793162974820409,-0.373674050359229,0.98,0.020000131550448223,2.19163027246893
crash_cluster,27,1.0,0.51585965821661,0.6072096791465872,-0.24613867472639409,1.555887650916146e-05,0.008447967824822995,0.011229168196218402,0.5055424650522777,0.5950654855636555,-0.2412159012318662,0.9800000000000001,0.027891644366334456,3.301580326144158
crash_cluster,45,1.0,0.3297650423037209,0.45528684369390804,0.42989622800474464,2.0974387711507813e-05,0.006842735258928513,0.01102051741740723,0.32316974145764604,0.44618110682002926,0.4212983034446492,0.9799999999999999,0.03238393715370915,4.732601208187042
crash_cluster,51,1.0,0.05024545734822339,0.958003438678569,-0.016497695090921354,9.240887635707141e-07,0.0101298261308836,0.01283040480639288,0.04924054581401169,0.9388433243886231,-0.016167740405269342,0.9800000000000001,0.006797384657243985,0.6710267846079077
crash_cluster,62,1.0,0.2591328845932848,0.8592005963754338,-0.23666696193743722,7.15026299859165e-06,0.01095452137808022,0.01151866950306688,0.2539502269014191,0.842016584447925,-0.23193362269868847,0.9799999999999999,0.018908018138598773,1.7260469431766634
crash_cluster,63,1.0,0.4257237040004302,0.787138147999785,-0.4257237040004302,6.518876572696599e-06,0.008339441416102985,0.01018514294768541,0.4172092299204215,0.7713953850397891,-0.4172092299204215,0.9799999999999998,0.018053914496164704,2.1648829454336864
crash_cluster,69,1.0,0.3584171659427921,0.8173633752205332,-0.35156108221995885,5.62121233522734e-06,0.007245707727773018,0.011214683467701677,0.35124882260519863,0.8010161076733917,-0.3445298605571805,0.9800000000000001,0.016764862563151788,2.3137646718610467
crash_cluster,93,1.000011,0.05760486677782763,0.9699206448842858,-0.055029925501066286,6.934748750319086e-07,0.008219506928696404,0.011716100326915587,0.056452173933279746,0.9505122051173923,-0.053928758101344114,0.9800000000000001,0.0058884415384374495,0.7163983909885631
crash_cluster,113,1.0,0.638561608296156,0.665555722016319,-0.6082346606247762,1.1915609537095855e-05,0.00886848698652169,0.010841177469794757,0.6257903761301786,0.6522446075759359,-0.596069967412229,0.9800000000000002,0.024408614808194232,2.7522862519041182
crash_cluster,118,1.0,0.18443266922442123,0.8864739707337519,-0.14181327987837875,3.77374145187164e-06,0.008210849741758945,0.011170859880630369,0.1807440158365016,0.8687444913025849,-0.13897701427817288,0.98,0.013736341310319202,1.6729500286016163
crash_cluster,121,1.0,0.7835408890834807,0.4717428784246349,-0.5105675350161817,2.20899724631529e-05,0.007240350721420664,0.011597709856220266,0.767870071301792,0.4623080208561307,-0.5003561843158456,0.9799999999999998,0.03323399800140862,4.590108860760769
crash_cluster,123,1.0,0.21379731319931766,0.8796801690280955,-0.18695496445474924,3.2840773152921624e-06,0.01018285516098773,0.011005607273972233,0.20952136693532322,0.8620865656475003,-0.18321586516564717,0.98,0.012814205623627553,1.2584098880951367
crash_cluster,134,1.0,0.198713367137307,0.9006433164323961,-0.19871336713860974,3.1714633691729536e-06,0.01049758878161549,0.010574168117109494,0.19473909979448334,0.8826304501033968,-0.19473909979576,0.9800000000000001,0.01259258386744549,1.1995691705412372
crash_cluster,143,1.0,0.7780340581684162,0.49455730803930303,-0.5451827324128475,2.4077739834032257e-05,0.009693896565054982,0.010860150727242536,0.7624733770040601,0.4846661618778891,-0.5342790777638985,0.98,0.034697074685074124,3.579270157487731
crash_cluster,162,1.0,0.204201998541317,0.6361452115837809,0.3193055797498361,1.4157422168702627e-05,0.007178064359876173,0.011784565993766922,0.20011795857048745,0.6234223073520954,0.31291946815483435,0.98,0.026605847260238315,3.706548997938671
crash_cluster,171,1.0,0.09891058113690279,0.9400346938358205,-0.07789054993174299,1.9068566152645284e-06,0.012578197213790453,0.011317966327304552,0.09693236951350057,0.9212339999527919,-0.0763327389325851,0.9799999999999998,0.009764365353837661,0.7762929128772309
crash_cluster,173,1.0,0.53044558673891,0.6807168149752347,-0.42232480342828943,1.4715405365329637e-05,0.007944413561456939,0.011359271035689853,0.5198366750041318,0.66710247867573,-0.41387830735972364,0.9800000000000001,0.02712508559003059,3.4143597107822363
crash_cluster,199,1.0,0.6720404527167896,0.5601600509915362,-0.4644010074166455,1.959830934108934e-05,0.009124434402412293,0.01112784946379148,0.6585996436624517,0.5489568499717038,-0.4551129872683112,0.98,0.03130360150293359,3.430744320399479
trend_shift,1,1.0,0.07474909584214962,0.9497426285580851,-0.048983428562031785,1.80916323203731e-07,0.018061848334157048,0.01434319740049389,0.07325411318403222,0.930747766568483,-0.0480037595050306,0.9799999999999999,0.0030076263332047236,0.1665181922448631
trend_shift,2,1.0,0.0613316223013205,0.9356680511435344,0.006000684737296434,2.2253033257586055e-07,0.019469822505947285,0.014319492569374466,0.06010498890482366,0.916954675620398,0.005880670949556497,0.9799999999999999,0.0033356433605517474,0.1713237683359895
trend_shift,3,1.0,0.1188304494596522,0.8972239017462814,-0.0321086898601986,3.549981338818157e-07,0.01967028286104245,0.014778389694465729,0.11645383973961415,0.8792794181931438,-0.03146651586551599,0.98,0.0042130638131994596,0.21418420075410055
trend_shift,4,1.0,0.022464770981946065,0.957039828937586,0.04099101337730073,2.340828207190991e-07,0.01628318493987997,0.014625964728947812,0.022015473215277557,0.9378989323711336,0.04017118882717729,0.9799999999999998,0.0034211315432112247,0.21010211183147337
trend_shift,6,1.0,0.050678999892189894,0.9445845750460873,0.00947285287964169,2.822954798742683e-07,0.019779834023200903,0.01497450903279051,0.04966541982590227,0.9256928822694699,0.009283395809255426,0.9799999999999999,0.003756963400635322,0.1899390761433369
trend_shift,7,1.0,0.06988163204860122,0.9291266615686831,0.001983414720581676,2.4875643263832566e-07,0.017812419909853685,0.013904730704212817,0.06848399934068093,0.910544127447184,0.0019437464242698843,0.98,0.003526729594385749,0.19799272711030078
trend_shift,8,1.0,0.0960421763281375,0.926129708411968,-0.044343762165806606,2.975064029725413e-07,0.020465582709033047,0.014316428562956921,0.094121332457354,0.9076071109244259,-0.043456886763559854,0.98,0.0038568536592184896,0.18845559953277857
trend_shift,9,1.0,0.06191944597307284,0.9561843621324587,-0.036206829135690025,1.3788822466557074e-07,0.018632649339354112,0.013527619769577986,0.060681033173337964,0.9370603061212643,-0.03548267858920497,0.9799999999999998,0.00262572108824956,0.14092043704722987
trend_shift,11,1.0,0.08424693157275231,0.9041342490862303,0.023237666085197395,3.1167152267553736e-07,0.016252795372275544,0.014394620993943088,0.08256199181006743,0.8860515519641984,0.022772912451468535,0.9800000000000001,0.003947603847117506,0.2428876852686791
trend_shift,12,1.0,0.03960296641647204,0.9441556366650553,0.032482852391329343,3.810754935212332e-07,0.020021372433731085,0.015099494991429019,0.03881090595186826,0.9252724968423737,0.03183319441151621,0.9800000000000001,0.004365062963585032,0.21802016710058175
trend_shift,13,1.0,0.0838399838401359,0.9285634202139539,-0.024806808047974308,2.6530115601513027e-07,0.015173815155468276,0.014194499637824593,0.08216318416085985,0.9099921517822817,-0.024310671886283008,0.98,0.0036421227053404586,0.24002682700585856
trend_shift,15,1.0,0.02719755654284748,0.9492850839415132,0.04703474601002571,1.9732735825258576e-07,0.024689891965037902,0.014480013596589557,0.026653605052450093,0.9302993697135271,0.04609405046804533,0.9799999999999999,0.003141077508217399,0.12722119289405232
trend_shift,16,1.0,0.05786518973509979,0.9174204763032732,0.04942867132934264,3.909902608814885e-07,0.020549976804918463,0.014194717269149018,0.05670788584382175,0.899072065246048,0.048440097820260146,0.9799999999999998,0.0044214831271954655,0.21515757264199056
trend_shift,17,1.0,0.046938714458219094,0.9386332575647051,0.02885605988945312,2.1698331068806553e-07,0.01721998146433389,0.01359870452244483,0.0459999400785429,0.9198605906034466,0.02827893863602098,0.98,0.0032938071489392435,0.19127820525018527
trend_shift,18,1.0,0.06039781286115942,0.9426545498551601,-0.006104718102757893,2.147406201522869e-07,0.018315578445943587,0.014908605026281104,0.05918985638700892,0.9238014554723794,-0.0059826237187767745,0.9799999999999999,0.0032767409124943455,0.17890458235677817
trend_shift,20,1.0,0.06099165731348403,0.926908530244089,0.02419963713668563,2.2561495650275082e-07,0.01978322594730148,0.014335363736138319,0.05977182380105719,0.908370354074607,0.02371564424867188,0.9800000000000001,0.00335868245375141,0.16977425535644503
trend_shift,21,1.0,0.08304179080286016,0.9180613670103234,-0.0022062997435163944,5.657104324861906e-07,0.017254825008843244,0.014734953007587894,0.08138095434052219,0.8997001325252155,-0.0021621737314753255,0.98,0.005318413449921838,0.3082276086367787
trend_shift,22,1.0,0.02396544631740842,0.9380233927181775,0.07602232967789689,2.4499071824913074e-07,0.02163534066149477,0.015422994931659039,0.023486137300062406,0.9192629213020982,0.07450188279567885,0.9800000000000001,0.0034999337011515797,0.16176929015869593
trend_shift,23,1.0,0.021840408371713547,0.9503978036029017,0.05552360043720593,3.215950600043669e-07,0.01702097008463173,0.01358368276948161,0.02140359994330051,0.9313898361742041,0.05441312776499067,0.98,0.004009956732960885,0.23558920044054854
trend_shift,24,1.0,0.05158841278188239,0.9380544956171305,0.020714247656960585,2.742530989958047e-07,0.018599081761130568,0.014334227719461195,0.05055664289693088,0.9192933760782669,0.020299962049604485,0.98,0.003703060214172897,0.19909908788678835
trend_shift,26,1.0,0.09024021911746824,0.918140860958828,-0.016762158194004288,2.6867435426127414e-07,0.019662497211492075,0.013703191467827036,0.08843541464851461,0.8997780428585042,-0.016426915014037424,0.98,0.0036652036386896287,0.1864058058987258
trend_shift,27,1.0,0.08060548957397186,0.9248192371941931,-0.010849423441295717,2.883758411162007e-07,0.015324526164534053,0.014187180800416631,0.07899337859383819,0.9063228388124007,-0.010632434812478057,0.9799999999999999,0.003797208455669762,0.2477863533854469
trend_shift,28,1.0,0.06767484494364963,0.9316513274105236,0.0013476610327631902,2.073969665598067e-07,0.016285028321811973,0.014544690133897203,0.06632134785439756,0.9130182982414439,0.001320707808316762,0.9799999999999999,0.003220224887797476,0.19774143613151382
trend_shift,29,1.0,0.028722354493657343,0.9681047385518817,0.006345844971341092,3.2674915291863013e-07,0.023323514584150336,0.014388067637453938,0.02814790696661315,0.9487426290457234,0.006218927975326796,0.98,0.004041962103475427,0.17329987249100834
trend_shift,32,1.0,0.06445350969022583,0.9493973863563496,-0.0277017233908889,2.3730680710409022e-07,0.02321895343415671,0.014594290646980824,0.06316443732665145,0.9304094066686072,-0.02714768799051733,0.98,0.0034446103343055367,0.1483533848359536
trend_shift,34,1.0,0.05806783681517975,0.9437721895795584,-0.003680012516922586,2.5165129563029966e-07,0.018328893502201942,0.014162755345176145,0.056906478932991535,0.9248967271639907,-0.0036064121939644203,0.98,0.003547191111501461,0.19353001920575943
trend_shift,36,1.0,0.0342320722537496,0.9488798596179523,0.03377619979574928,2.2246576788789988e-07,0.01892423835840999,0.014749677169593734,0.03354742974288697,0.9299022328829931,0.033100674748239876,0.98,0.0033351594256339507,0.17623744546378511
trend_shift,37,1.0,0.08779768216971436,0.9214105083317956,-0.018416378750056996,2.4712870197981353e-07,0.016475073597077693,0.014917493495170022,0.08604172842939564,0.9029822971479667,-0.018048051154725058,0.9799999999999999,0.0035151721293544924,0.213363060786448
trend_shift,40,1.0,0.021514014832868893,0.9610292805842189,0.03491364806118013,2.2488605462774578e-07,0.018273648067544616,0.014751319887834995,0.02108373201780869,0.9418085824756864,0.034215371013009914,0.9800000000000001,0.0033532525600359036,0.18350208713888577
trend_shift,41,1.0,0.13240949573831381,0.8872339491560196,-0.0392868838068682,6.897502069221989e-07,0.02095749225846449,0.014534682255672416,0.12976130543544453,0.8694892675723443,-0.03850114601557778,0.98,0.005872606776050131,0.2802151470998756
trend_shift,43,1.0,0.07160647051307031,0.9182944607070859,0.02019816047827171,3.03726618901741e-07,0.01434224492301302,0.014322804970058507,0.07017434029866065,0.8999285611804,0.01979419704187879,0.98,0.003896964324328237,0.2717122978478297
trend_shift,45,1.0,0.05486522345628078,0.9252057400313008,0.03985807652427709,3.4907182229962883e-07,0.014610720990442532,0.01471748970101317,0.053767918893076354,0.9067016236442008,0.03906091492544588,0.9800000000000001,0.004177749527554462,0.28593726006316167
trend_shift,46,1.0,0.06931239877794036,0.9365167307538838,-0.011658248204799835,2.0814425567553648e-07,0.019282461813106836,0.014728996913254593,0.06792615043358168,0.9177863911557546,-0.011425083178672217,0.9800000000000001,0.0032260212001437426,0.16730338850980764
trend_shift,47,1.0,0.04990822267498055,0.9286928253436967,0.04279790420991838,3.019937330866302e-07,0.017962397573666248,0.013924983439142205,0.04891005821543387,0.9101189687242989,0.04194194612053446,0.98,0.003885831526756081,0.21633145078878
trend_shift,48,1.0,0.07178421986049015,0.9298023198082577,-0.003173054219455839,2.2410756826351757e-07,0.016419280343852868,0.01453820602500078,0.07034853457977171,0.911206261968235,-0.003109593096013281,0.9800000000000001,0.0033474435638522616,0.20387273338112497
trend_shift,50,1.0,0.0796782736216956,0.9331880143158258,-0.025732566483460333,2.79676991383513e-07,0.02122653728693028,0.015197800394303738,0.0780847077825922,0.9145242497350943,-0.02521791503537306,0.98,0.0037394985718911078,0.17617091856963465
trend_shift,51,1.0,0.0318362169732598,0.9373399200675397,0.06164774140231466,2.1717585014443576e-07,0.015961467032541844,0.014376441758108396,0.031199492392249478,0.9185931145544807,0.06041478610653969,0.98,0.0032952681995888863,0.2064514616902428
trend_shift,52,1.0,0.048618083274007275,0.9396287737583293,0.02350628670218712,3.717503375847254e-07,0.017501825559115516,0.014028882488446505,0.04764572159025832,0.9208361979300864,0.023036160959310617,0.9800000000000001,0.0043113242605070145,0.24633568915109758
trend_shift,54,1.0,0.064663867218603,0.951178412399721,-0.031684436708685024,1.2300022824964042e-07,0.017059831545569802,0.01480047732645829,0.06337058599189653,0.932154787044213,-0.031050746072218992,0.98,0.0024799216545048387,0.14536612790580805
trend_shift,56,1.0,0.06175554676070243,0.9294825394181331,0.017523840722612583,3.2521113751048937e-07,0.016809200183905505,0.013969970498529731,0.06052043542967616,0.9108928826724019,0.0171733637958441,0.98,0.004032438080804769,0.23989470270368685
trend_shift,57,1.0,0.07558278981521337,0.9239124154370764,0.0010095984056860056,3.3181177406592884e-07,0.023794859420307596,0.014410059957110356,0.07407113368891237,0.9054341630945055,0.0009894064331643485,0.9800000000000001,0.004073154637783412,0.17117792401442808
trend_shift,58,1.0,0.08233332868883382,0.9119307026042028,0.01147193813073805,3.8539834006147803e-07,0.016090264665503,0.014754951855052788,0.08068666208613859,0.8936920882318145,0.011242499364093913,0.98,0.004389751360051488,0.27282033274834633
trend_shift,62,1.0,0.07769206217726984,0.9341410951549723,-0.023666256263978586,2.8670866739339957e-07,0.019881961542438722,0.015041020492919064,0.0761382187104692,0.9154582465202605,-0.02319293046145958,0.98,0.0037862162338765026,0.19043474285948575
trend_shift,64,1.0,0.06092340680735689,0.9571516355878785,-0.03615008448533548,2.0789893002240607e-07,0.018641791257626893,0.015048403986574282,0.0597049386621007,0.9380086027330111,-0.03542708279022374,0.98,0.0032241194923762198,0.17295116374919925
trend_shift,65,1.0,0.05139895781210378,0.9383400069167714,0.02052207299309209,2.1919531173669247e-07,0.015794159927183523,0.01513700552599763,0.050370978594136036,0.9195732056515713,0.020111631508585026,0.9799999999999999,0.003310553667717011,0.2096061888052163
trend_shift,66,1.0,0.06005691843987985,0.9314767055128427,0.016932765546951157,2.8244895583724354e-07,0.017168999653838075,0.014176620872974633,0.058855779675206624,0.912847165262595,0.016594110124396863,0.9800000000000001,0.0037579845385342183,0.2188819741570752
trend_shift,67,1.0,0.06895556513109695,0.9261194885825651,0.009849896254386821,2.695069158570532e-07,0.018837697090979787,0.014170163283775633,0.06757645370407653,0.9075970971401587,0.009652898311529493,0.98,0.0036708780683717417,0.19486872788338333
trend_shift,68,1.0,0.033066831380136275,0.9555249185129273,0.022816500213872715,3.660085620904886e-07,0.01797253766350476,0.014686528196840836,0.03240549475253355,0.9364144201426687,0.02236017020959526,0.9799999999999999,0.004277899964296069,0.2380242592554318
trend_shift,70,1.0,0.022181143571452587,0.9195545078137778,0.11652869811206695,5.059612049562178e-07,0.015926036385860258,0.014671854878489066,0.021737520690431552,0.9011634172598513,0.1141981240994341,0.9799999999999999,0.005029717710549045,0.31581729368737477
trend_shift,71,1.0,0.05365042064240313,0.9595933012550207,-0.02648744049679732,2.1092690861835854e-07,0.01948249578553581,0.013331529141596464,0.05257741214285358,0.9404014336791745,-0.02595769164405648,0.9799999999999999,0.003247513730674261,0.16668879420907046
trend_shift,72,1.0,0.0627264156147392,0.9418762236142946,-0.009205208056827952,3.252049043514533e-07,0.014654135091251292,0.013986613973892241,0.06147188513859596,0.9230386666504755,-0.009021103578142956,0.98,0.004032399436758796,0.2751714387542524
trend_shift,74,1.0,0.07500061842337437,0.9263697540213395,-0.002740720111182489,2.3885167179330885e-07,0.017840718099956906,0.013143740516863086,0.07350060514429886,0.9078423476935424,-0.002685905675682824,0.98,0.0034558043332436274,0.1937032082386849
trend_shift,75,1.0,0.09278157280869843,0.9218560667052693,-0.02927527383961557,3.9124353711875446e-07,0.019648709052071497,0.01460985233170966,0.09092594111664802,0.9034189430275505,-0.028689768288397408,0.9799999999999999,0.004422914972723034,0.2250995198209595
trend_shift,76,1.0,0.0646362335471439,0.9639654857423396,-0.05720343145025949,1.2739794622246135e-07,0.017121446314575416,0.013552874338987376,0.06334350865042233,0.944686172660297,-0.05605936262143889,0.9799999999999998,0.00252386554933558,0.14740959980623972
trend_shift,77,1.0,0.07585316363631919,0.9340653554580567,-0.01983694230931922,2.157541734652743e-07,0.019148274072475456,0.014836317401227579,0.07433609679994142,0.9153840044656462,-0.01944020253117504,0.9800000000000001,0.003284464746844418,0.17152797867906264
trend_shift,79,1.0,0.06976836112844449,0.9265485066056968,0.007366264531989773,3.030716882306154e-07,0.017330676253918976,0.014135973472555284,0.06837299390586629,0.9080175364734593,0.007218939241348995,0.9800000000000001,0.0038927605129947104,0.22461676947628878
trend_shift,80,1.0,0.06258877308147322,0.9294640166294063,0.015894429240301256,3.079802621056891e-07,0.01751469932422239,0.014766023157520174,0.06133699735419136,0.9108747323517921,0.015576540588032763,0.9799999999999999,0.003924157630025119,0.22404938602617674
trend_shift,81,1.0,0.03130725218516932,0.9434233448084639,0.05053883199677449,2.69981547705172e-07,0.015462025533250948,0.015365097161597107,0.03068110674285637,0.924554865900459,0.049528054713369504,0.9800000000000001,0.0036741090600659453,0.2376214585964049
trend_shift,82,1.0,0.043276641047079026,0.9375516831701239,0.03834336594480907,2.1458939748664208e-07,0.014579963939453194,0.013896598387763024,0.04241110792121822,0.9188006429009054,0.03757649835575261,0.98,0.0032755869511176304,0.224663583855234
trend_shift,83,1.0,0.06021622183881243,0.9260989049053289,0.027369750389570794,2.4340554032358755e-07,0.019675612685599742,0.014320898799550112,0.05901189728761643,0.9075769250474971,0.026822355329772795,0.98,0.003488592411873214,0.1773054017487576
trend_shift,84,1.0,0.06795053580268927,0.9345595984850333,-0.005020268530713635,2.0872075867617968e-07,0.014308476413790832,0.01362121692107592,0.06659152508514612,0.9158684064948487,-0.0049198631599893265,0.9800000000000001,0.0032304857117481625,0.22577426263459802
trend_shift,85,1.0,0.05705637681309338,0.9339690839032172,0.01794909131839711,3.5621333966361477e-07,0.01938455886988352,0.014558499112345346,0.05591524892034333,0.9152896963897149,0.017590109379883263,0.9799999999999999,0.004220268591355368,0.21771290333112067
trend_shift,89,1.0,0.05394479412695952,0.9514904238089806,-0.010870240712818087,1.749109648491558e-07,0.017651835553688752,0.014374987221165455,0.05286589308579127,0.9324605243437403,-0.010652834859063095,0.98,0.002957287311449089,0.1675342659098757
trend_shift,90,1.0,0.0561080919188824,0.9321382089228321,0.023507435906113008,3.3553524654523104e-07,0.020446054730074343,0.014444825629455536,0.0549859290470568,0.913495427575438,0.023037286755010215,0.9799999999999999,0.004095944619652644,0.2003293385314024
trend_shift,92,1.0,0.03935399177484297,0.950505558829393,0.020280942645566413,3.394683648028122e-07,0.02126094772444104,0.01398674752234051,0.038566911093688705,0.9314954272278869,0.019875323356848485,0.9799999999999999,0.0041198808526631565,0.19377691465404653
trend_shift,96,1.0,0.04716995285154311,0.9431068418264427,0.019446627730598662,2.934040629235409e-07,0.020833830899494695,0.015022305350301485,0.04622654877693078,0.9242446046693682,0.019057693107402074,0.98,0.003830170119743643,0.18384377497450746
trend_shift,97,1.0,0.0559124935637203,0.9367796275477099,0.01461578587049888,1.6384350441434395e-07,0.018165777084085434,0.01334148698920212,0.05479424292276872,0.9180440221012856,0.01432346995189171,0.9800000000000001,0.0028621976208356467,0.15755987798304227
trend_shift,98,1.0,0.08196364600594923,0.928533617683655,-0.020994462678883292,2.9661603933273047e-07,0.020309467721412816,0.014598957471009718,0.08032437048732378,0.9099629158925334,-0.020574572759714846,0.9799999999999998,0.0038510780265578032,0.18961984033178322
trend_shift,100,1.0,0.07326156184387735,0.9345296979276527,-0.015582502979796246,2.6747867876444377e-07,0.016717158105357996,0.01412596752133043,0.07179633001240901,0.9158390963844573,-0.015270852793732737,0.98,0.0036570389577118504,0.21875960822191048
trend_shift,101,1.0,0.06644485087992476,0.9317069116930151,0.0036964756813080515,2.54236120336999e-07,0.01993284315090372,0.014458131937691592,0.06511595383539469,0.9130727730815132,0.0036225461661836267,0.9799999999999998,0.003565361975571316,0.1788687117326596
trend_shift,102,1.0,0.08410976628819465,0.9203894938931384,-0.008998486351630083,3.696341418798548e-07,0.021549855353758765,0.014477956601087534,0.08242756956070725,0.9019816886766099,-0.00881851647463404,0.9800000000000002,0.0042990356004565635,0.1994925501765244
trend_shift,103,1.0,0.11650798211891074,0.8994943045598682,-0.032004552239088435,4.296074565548912e-07,0.018835680269236613,0.014745598448203305,0.1141778212709021,0.8815044091606589,-0.03136446086312196,0.98,0.004634692312089826,0.2460591943503862
trend_shift,104,1.0,0.10911386130016296,0.9124244919627842,-0.043076706032882835,3.192997259910606e-07,0.014610360184162554,0.014666941145654712,0.10693158404780045,0.8941760019031091,-0.0422151719018189,0.9800000000000001,0.003995620890368993,0.2734786028547192
trend_shift,105,1.0,0.045521691042258824,0.9359356083414434,0.03708542366179695,1.892418965271123e-07,0.01790860344894686,0.013562777387867325,0.044611256721116224,0.9172168858883935,0.036343714780980765,0.9800000000000001,0.0030760518243936755,0.171763914096527
trend_shift,106,1.0,0.06645824449198984,0.9385554189562101,-0.010027304460999645,1.7978655430957076e-07,0.018835457413583206,0.015357804765550709,0.06512907887155156,0.9197843002592214,-0.009826758261546024,0.9799999999999999,0.0029982207582962403,0.1591796096299775
trend_shift,107,1.0,0.0774588411091227,0.9121170585313504,0.020848228959607473,3.1102165593393054e-07,0.013272750645810487,0.013501621724439096,0.07590966321507478,0.893874704738965,0.020431264091920216,0.9799999999999999,0.00394348612229033,0.2971114449087524
trend_shift,109,1.0,0.06164361745298974,0.9387270671934305,-0.0007413632350680538,2.9911393833264845e-07,0.019091125778127577,0.014371008315352088,0.06041074492095267,0.9199525230631304,-0.0007265359681660979,0.98,0.003867259613296269,0.20256844243972932
trend_shift,111,1.0,0.05517720939974078,0.9521855154218413,-0.01472542193370304,3.1944383189714086e-07,0.017172940696005543,0.014519505403345595,0.05407366446256991,0.9331417921849764,-0.014430913295092563,0.98,0.003996522437677165,0.2327220776233603
trend_shift,112,1.0,0.05224712365587248,0.9657043581068695,-0.0359029608998067,2.6179873494012265e-07,0.014406051304613168,0.014386701988490493,0.051202181115534824,0.9463902697022742,-0.035184901635618465,0.9799999999999999,0.0036180017616090306,0.2511445839742677
trend_shift,113,1.0,0.04907103430723326,0.9376801473127383,0.026497636773675046,3.0840748864781767e-07,0.015984685587519018,0.014849101966090414,0.048089613620761154,0.9189265443602266,0.02596768403802473,0.9800000000000001,0.003926878459080565,0.24566504217929105
trend_shift,116,1.0,0.0904828414221124,0.9229058864034154,-0.02677745562980717,2.5801630197685547e-07,0.01706299969846921,0.014551809828417916,0.08867318459272806,0.9044477686657381,-0.02624190651693223,0.9800000000000001,0.0035917704685632175,0.21050052933456068
trend_shift,117,1.0,0.055657448980528566,0.9434630200610946,0.0017593759097386118,2.2423122779397774e-07,0.018274405866555724,0.014195965673747432,0.05454429143765555,0.9245936145019182,0.0017241881208523522,0.98,0.0033483669735706804,0.1832271318707318
trend_shift,118,1.0,0.06265090966727827,0.9421452890745954,-0.009592367961898177,2.2920918045835705e-07,0.01600641674103363,0.013927496327876914,0.061397890567643075,0.9233023696643069,-0.009400520463899841,0.9800000000000001,0.0033853299725311718,0.21149830266836855
trend_shift,119,1.0,0.04486876098517514,0.9466933515001033,0.01687577527262686,5.04489926586914e-07,0.017315960900633053,0.014655677478999552,0.043971385760125076,0.9277594843572932,0.016538259765163404,0.9799999999999999,0.005022399459356607,0.29004451373951723
trend_shift,120,1.0,0.030987357729231033,0.9529146511472703,0.03219633873460715,1.4439563393598492e-07,0.018346533479485384,0.013681126771712071,0.030367605161808926,0.9338561916702441,0.031552406335894054,0.9800000000000001,0.0026869651461824506,0.14645628555317794
trend_shift,121,1.000001,0.013784636553330362,0.9648736421791813,0.042686184451305495,2.1754622127056465e-07,0.02085584654020277,0.014688005951244714,0.01350892530209232,0.9455748729920055,0.04183240341180439,0.9800000000000001,0.0032980768735019327,0.15813680193438304
trend_shift,122,1.0,0.06948358625739082,0.9272748085093189,0.006483210504495006,3.0843173851909003e-07,0.015729899204186562,0.014191922049612424,0.06809391453095212,0.9087293123219055,0.00635354629428466,0.98,0.003927032839938379,0.24965403712778952
trend_shift,123,1.0,0.09875938216038954,0.906783632976076,-0.011086019505530635,3.8959097319932926e-07,0.017716716298830162,0.013868814014128627,0.09678419399612466,0.8886479555323403,-0.010864299056929894,0.9800000000000001,0.004413564167423711,0.24911863423105893
trend_shift,124,1.0,0.04561325985872383,0.9478723086780383,0.01302889069295704,2.612576686668296e-07,0.017895186974378377,0.015248500947994348,0.0447009940409547,0.9289148496081292,0.012768312701832343,0.9800000000000001,0.003614261118588631,0.2019683350480432
trend_shift,125,1.0,0.07025455464772462,0.9407170289965354,-0.02194308279619973,2.2363319043860597e-07,0.021905216287796687,0.014935264836456625,0.06884946064614479,0.9219026494697578,-0.021504220231805003,0.9800000000000001,0.0033438988504334802,0.15265308529714694
trend_shift,126,1.0,0.07853540566914465,0.9311250709560945,-0.01932094556595606,1.982535071974368e-07,0.018965122057555708,0.014587738850461954,0.07696469726004328,0.9125025660308994,-0.01893452658188554,0.98,0.003148440147100121,0.1660121214904484
trend_shift,128,1.0,0.05823308779918369,0.921152355165572,0.04122912845811271,2.71937151694459e-07,0.01716119919528547,0.014616759194828449,0.057068425632660486,0.9027293015681956,0.04040454559828775,0.98,0.0036873917048128937,0.21486795082629745
trend_shift,129,1.0,0.02280751468352284,0.9468922628239862,0.06060069677773512,3.3312606710248717e-07,0.01661152160650779,0.01406786797119377,0.02235136157589695,0.9279543007414223,0.059388675365361375,0.9799999999999999,0.004081213466007904,0.2456857091531599
trend_shift,130,1.0,0.09318577479894459,0.9180839127561563,-0.022539361407001697,2.2199174235914878e-07,0.01319996642717504,0.014685177717164597,0.09132205867726348,0.8997222283364964,-0.02208857402751959,0.9800000000000001,0.0033316042859195464,0.25239490602496567
trend_shift,131,1.0,0.06505978322255994,0.9278475565363808,0.014185350300343883,2.12293018902401e-07,0.019437568804295723,0.014126109046500827,0.06375858660752479,0.9092905918489373,0.013901643087075843,0.98,0.0032580133432998765,0.16761424106598416
trend_shift,133,1.0,0.020485911067441586,0.9554109504700166,0.048206283539105166,2.1615102871184086e-07,0.017665728007024876,0.014669664772752904,0.02007619277970057,0.9363027283642531,0.04724215771209274,0.98,0.0032874840586065257,0.18609389079800387
trend_shift,134,1.0,0.05902354010828889,0.9704882464428165,-0.05902353164405399,8.722080174651646e-08,0.018136617217600362,0.014665407374975764,0.05784306810708962,0.9510784617989801,-0.05784305981213959,0.9800000000000001,0.002088310342675591,0.11514332125006348
trend_shift,135,1.0,0.06957118269160206,0.9244636109781852,0.011930459460494303,1.9032548120481257e-07,0.016033236881178692,0.014576752233873697,0.06817975744236135,0.9059743175587913,0.011691849997694724,0.9800000000000001,0.0030848458730122438,0.19240318694683065
trend_shift,136,1.0,0.06407486719008033,0.9679627891957436,-0.06407508977743206,1.3077880382777897e-07,0.013835378386619442,0.013628946806616821,0.06279336284500037,0.9486034276452899,-0.06279358098058074,0.98,0.0025571351531330803,0.18482581984213406
trend_shift,139,1.0,0.08466141901980788,0.9234075841090514,-0.01613800520550961,3.840697975076879e-07,0.01856374900118808,0.014153898833474213,0.08296819059576178,0.9049394319507778,-0.015815245093078946,0.9800000000000001,0.0043821786676702815,0.2360610815945541
trend_shift,141,1.0,0.0729719308316403,0.9248227923925654,0.004410553757181321,2.8973991908952913e-07,0.017283260263076246,0.015053046331536552,0.07151249220765626,0.9063263364515469,0.004322342681593374,0.98,0.0038061786550918028,0.22022341833405576
trend_shift,146,1.0,0.03728258266146219,0.9499347772617092,0.025565282204865064,2.267317222240043e-07,0.01883639158693415,0.014292888493791756,0.03653693097076053,0.9309360807617033,0.025053976535072308,0.98,0.0033669847209632842,0.17874892361543337
trend_shift,147,1.0,0.02661304834968857,0.9419023212529725,0.06296926084267414,2.656494172010125e-07,0.018847210054175098,0.014181216562897366,0.02608078738206891,0.9230642748057611,0.06170987562433973,0.9799999999999999,0.0036445124310462355,0.19337145500953817
trend_shift,149,1.0,0.08754991149157795,0.9139736272904163,-0.0030470764299526686,6.89134532745431e-07,0.02110416182541971,0.013971345882771354,0.08579891321309686,0.8956941542367333,-0.002986134899660423,0.9799999999999999,0.00586998523313912,0.2781434904497744
trend_shift,150,1.0,0.06197556060643531,0.9611851482003664,-0.046321133292619054,1.8294333295840588e-07,0.02191911076026476,0.014511399622818427,0.06073604076004115,0.9419613113266753,-0.04539470417343318,0.9799999999999998,0.0030244283175370817,0.1379813419721298
trend_shift,151,1.0,0.0807024614401082,0.9214973860265671,-0.00439969459903634,2.2532994876994132e-07,0.016336485005607318,0.013531282284800753,0.07908841219808584,0.9030674381550815,-0.004311700706334881,0.9799999999999999,0.003356560358238325,0.20546404915661004
trend_shift,152,1.0,0.06672249091504757,0.9322362345207819,0.0020825508402784747,3.0108044822696357e-07,0.016103292610574232,0.01394673640158533,0.06538804104077652,0.9135915090483606,0.002040899821725959,0.9800000000000002,0.0038799513413634882,0.2409414916062394
trend_shift,154,1.0,0.03358186955316556,0.949630491491112,0.033575534851473576,2.395680402302218e-07,0.01726784862263064,0.014180380455890275,0.03291022793412479,0.930637762102243,0.03290401992726419,0.9799999999999999,0.0034609828100571395,0.20042929989097172
trend_shift,155,1.0,0.060139779346502456,0.9274549980500673,0.024810498060185485,3.0036323010315473e-07,0.01901898157684734,0.014315112242551352,0.05893698220206467,0.9089058740697171,0.024314287456436306,0.98,0.0038753272771674036,0.20376103007981317
trend_shift,156,1.0,0.05983959701741265,0.954494198867259,-0.028667591497139537,2.0716256464542309e-07,0.019166956828150422,0.014120109687489273,0.058642805069083,0.9354043147626036,-0.02809423966337307,0.9800000000000001,0.003218404609782804,0.16791422021966199
trend_shift,157,1.0,0.06995500870542942,0.9238805120466913,0.012328968575495399,2.6564377731532636e-07,0.01633046499755081,0.013852269370429505,0.06855590818580806,0.9054028972426459,0.012082389143091838,0.9799999999999999,0.003644473743322379,0.2231702369693065
trend_shift,158,1.0,0.054136224937950894,0.9252970347140138,0.04113348404459081,3.3626756117188996e-07,0.016116066355040967,0.014693005237895879,0.05305350035036652,0.9067910925015294,0.040310814296208204,0.9800000000000001,0.004100411937670967,0.2544300729059975
trend_shift,159,1.0,0.06287758250331917,0.936925574625502,0.00039405625825082345,1.8987482228538807e-07,0.014485570910480717,0.013460930571743527,0.061620019437654515,0.9181868930315736,0.0003861750615438081,0.98,0.0030811915088597456,0.21270763354107206
trend_shift,160,1.0,0.010017468556985883,0.9805975266262265,0.01877028804920889,3.339298758307616e-07,0.01769169935840228,0.013905510868242614,0.009817117819226626,0.9609854423170164,0.018394879727513663,0.98,0.004086134333515978,0.23096336031594158
trend_shift,161,1.0,0.08785475392076092,0.9028168971915714,0.018656707361048557,4.635989164162834e-07,0.014881500234466908,0.014842882408679457,0.08609765842969197,0.8847605550072095,0.01828357312619704,0.98,0.004814555620284613,0.32352622682044274
trend_shift,162,1.0,0.12629999596684385,0.8828010453633555,-0.018202082478762174,1.139852340565011e-06,0.016765608305644948,0.015198766100875909,0.12377399603626603,0.8651450243775174,-0.01783804082756691,0.98,0.007549345470188161,0.4502875966418893
trend_shift,163,1.0,0.12255450857588088,0.887114293751975,-0.019337601294822357,4.954526717574131e-07,0.017083063064884413,0.014408274724791585,0.1201034182025361,0.869372006416004,-0.018950849237080056,0.9800000000000001,0.004977211426880595,0.29135357095951053
trend_shift,164,1.0,0.0756135230607153,0.9279979797068033,-0.007223001975818962,2.6419687723026146e-07,0.016554568355582413,0.015262536366921153,0.07410125246762972,0.909438018494223,-0.007078541923705545,0.9799999999999999,0.0036345348892964265,0.21954875604296953
trend_shift,165,1.0,0.019241458764713924,0.9519059136009033,0.057705318134071405,3.612742857650569e-07,0.020211882924973768,0.014319044278149694,0.01885662899670577,0.9328677660063764,0.05655120999383542,0.98,0.00425014285504062,0.21027941190917698
trend_shift,166,1.0,0.033887451899303166,0.9371016501584543,0.05802180283990964,1.1460970843671191e-07,0.016570811437236554,0.014730880617224542,0.03320970274582331,0.9183596139614946,0.05686136658536397,0.9799999999999999,0.002393843232510341,0.14446143700187758
trend_shift,167,1.0,0.05743875358931508,0.9666662330660284,-0.04820959008461897,1.6824639397526503e-07,0.01582225464615828,0.01439697699351179,0.05628996773163727,0.9473327268834097,-0.04724538923009421,0.98,0.002900399920487388,0.18331141707364815
trend_shift,168,1.0,0.08107878138491077,0.9380927488466493,-0.0383430009954526,1.6222744454521405e-07,0.01872989461545739,0.014199258007016442,0.07945720339464526,0.919330866534485,-0.037576139858260846,0.9799999999999999,0.0028480470900707822,0.15205889560747174
trend_shift,169,1.0,0.0482215992989672,0.9394889341531758,0.02457893511807551,2.145590216779281e-07,0.013819336084489797,0.01412819813590107,0.04725716726520232,0.920699154539119,0.02408735639135733,0.98,0.0032753551080602536,0.2370124793286101
trend_shift,170,1.0,0.05594137603387801,0.9335464286372316,0.02102450700043703,2.971515704973333e-07,0.021036799815922273,0.014919533622450718,0.05482254532410018,0.9148754468449671,0.020604015661865333,0.98,0.0038545529604438766,0.1832290554728982
trend_shift,173,1.0,0.08879675729253261,0.9243989233725246,-0.026391354161386608,2.93332559468497e-07,0.021555401311430963,0.014220150466673537,0.08702082183476767,0.9059109416579596,-0.025863526985454584,0.98,0.0038297033793003913,0.17766792294743666
trend_shift,174,1.0,0.0806330320640567,0.9441930689838551,-0.049652141387167,1.3564825865976337e-07,0.01793480176601433,0.014717134236104375,0.07902036902416533,0.9253091795170394,-0.048659097082409446,0.98,0.002604306612706761,0.14520966814597355
trend_shift,175,1.0,0.09307049931979354,0.9213115377107525,-0.028764066044350556,3.0964066329897884e-07,0.021323898098316342,0.014513299489920408,0.09120908896779782,0.9028853033374383,-0.028188784610472445,0.9799999999999999,0.003934721485054418,0.1845216792404898
trend_shift,176,1.0,0.10443138155530825,0.9217134289031695,-0.052289482927967146,3.2841465444172954e-07,0.020278828685251094,0.014206039992959805,0.10234274686311601,0.9032790980038214,-0.05124368973387534,0.9799999999999998,0.00405225032816166,0.1998266463540315
trend_shift,177,1.0,0.0889224322474546,0.9053230836806633,0.011508968318141752,5.308291675677952e-07,0.014063195698289888,0.013678808093389255,0.08714398359490753,0.8872166219296947,0.011278788950795534,0.98,0.005151840290458326,0.3663349640426891
trend_shift,179,1.0,0.05741669193778377,0.953684993695402,-0.022203250398076347,2.0345317986978423e-07,0.02309248951673236,0.01414097844010799,0.05626835469849804,0.9346112373390604,-0.021759184075117073,0.9799999999999999,0.0031894606116848576,0.13811679374689498
trend_shift,180,1.0,0.0677981220963635,0.9352776266106235,-0.006151458825819441,2.3490907935162603e-07,0.017980071144816877,0.014871303025721781,0.06644215837249609,0.916572056393999,-0.006028429532990067,0.9800000000000001,0.003427164129069595,0.19060904161425107
trend_shift,182,1.0,0.04528568949875494,0.9400759591779947,0.029276711039104016,1.8306938006318928e-07,0.02243358859258082,0.014822208075662407,0.04437997552254808,0.9212744361284895,0.02869117669792511,0.9800000000000002,0.0030254700466472244,0.13486340066197883
trend_shift,183,1.0,0.03804057729222167,0.9251220335695556,0.07367478100851023,4.3976177777625466e-07,0.016711585872285453,0.014203048757651368,0.03727976569545187,0.9066195916596927,0.07220128528971073,0.98,0.004689145859195757,0.28059251198728247
trend_shift,184,1.0,0.026264825594301756,0.9441467831419277,0.05917715519656849,3.474828039664623e-07,0.01468607094061173,0.014791400764253655,0.025739524286253982,0.9252636750705322,0.05799360128642763,0.9800000000000001,0.004168229863901846,0.283821988927981
trend_shift,185,1.0,0.07765658880694554,0.928911064812547,-0.013135294688104484,2.2509066103333768e-07,0.017695709165097787,0.014383996428181275,0.07610345655322394,0.9103328378035568,-0.012872588713561233,0.9800000000000001,0.0033547776456371793,0.1895814185426369
trend_shift,186,1.0,0.10652592117759162,0.9229576026151509,-0.05896702308860336,2.440961564514934e-07,0.018138279263909755,0.014491302911526229,0.10439540147535889,0.9044984394841523,-0.057787681919022296,0.98,0.00349353800932159,0.19260581218819256
trend_shift,187,1.0,0.02664942500518656,0.9509245451516285,0.044852469623710596,1.7116487682730228e-07,0.018890599816895587,0.01472657169394084,0.026116431152032663,0.9319058632370903,0.0439554112217542,0.9800000000000001,0.0029254476309387516,0.15486261205545507
trend_shift,188,1.0,0.054198152671214,0.94949434645153,-0.007384968581160163,2.8537084403842497e-07,0.01615858845642051,0.01451547726542076,0.05311418882999136,0.9305044457211049,-0.007237269102192597,0.9799999999999999,0.0037773723938633796,0.23376871092737467
trend_shift,189,1.0,0.07324958494102494,0.9319274583318827,-0.010354085154630975,2.0502212590421876e-07,0.021113938534046025,0.01461108022840208,0.07178459319227164,0.9132889085299684,-0.010147003444480178,0.9799999999999999,0.0032017348883395815,0.1516408169502253
trend_shift,191,1.0,0.04923397469598207,0.9273067523877228,0.04691857743156187,2.594778195356288e-07,0.016066156112198304,0.014228774811978423,0.048249294439748396,0.9087606029820182,0.045980205156467044,0.9800000000000001,0.003601928785634372,0.2241935631945958
trend_shift,192,1.0,0.08927679064430134,0.8972915862913314,0.02686325763481892,5.651386418994616e-07,0.02177271400842674,0.014492055123576306,0.08749125432807443,0.8793457495065915,0.026325992330667996,0.98,0.005315724983007779,0.24414618136032204
trend_shift,193,1.0,0.05495387378282267,0.93519766884832,0.01969695258586405,2.658086491588911e-07,0.02342224696164302,0.01541744294090976,0.05385479528801404,0.9164936981275583,0.0193030131688551,0.98,0.003645604539434378,0.15564708823216364
trend_shift,194,1.0,0.05401213923289683,0.9398340445487172,0.01230772737866564,2.077046706172979e-07,0.01672777516902662,0.014447378672511708,0.05293189393551176,0.9210373199352291,0.01206157225851807,0.9799999999999999,0.0032226128422236555,0.19265041582999573
trend_shift,195,1.0,0.05883411976385486,0.9188143260095671,0.04470311249388585,4.486764650818059e-07,0.014886431635904297,0.014167167785320465,0.057657437252088696,0.9004380376701623,0.04380905015549787,0.98,0.004736435712019142,0.31817132727734593
trend_shift,196,1.0,0.0585425363332887,0.9593661724765776,-0.035816813792156836,1.8724159794248474e-07,0.017482623768557123,0.013685772912065214,0.057371668285325236,0.9401785651741741,-0.03510046691899878,0.98,0.0030597516070956197,0.17501672790091435
trend_shift,197,1.0,0.038445119188574496,0.9270133873600264,0.06908298797814952,3.832708257456931e-07,0.017623569182081786,0.014124763400367927,0.03767621678454542,0.9084731191243619,0.06770132818218517,0.98,0.004377618220823355,0.24839566693869036
