gen,trial,p_old,omega_old,sigma_now,sample_vol,p_new,vol_inf_current_impl,ratio_inf_to_sigma,ratio_inf_to_sample,omega_sigma_anchor,omega_sample_anchor
lowvol_trap,1,1.000007,5.506534506291994e-10,0.0006766345573056835,0.000532640275019817,0.9800000000000001,0.00016592972166390235,0.2452279740553366,0.31152304744084347,9.156686482805125e-09,5.674113251463698e-09
lowvol_trap,11,1.0,3.7387324487528326e-07,0.0006114517518784972,0.0006921169412005123,0.98,0.004323616801216794,7.07106781186547,6.246945485422246,7.477464897505674e-09,9.580517205935075e-09
lowvol_trap,18,1.0,7.265138530057556e-08,0.0005265903163058977,0.0005280768522391466,0.9800000000000002,0.0019059300262677051,3.619379178177947,3.609190628572713,5.545947224542851e-09,5.5773032374160525e-09
lowvol_trap,43,1.0,1.603587974642572e-07,0.0007465376184409689,0.0012007953499539525,0.9800000000000001,0.0028315967003111333,3.792972558066793,2.358100987332869,1.1146368314950222e-08,2.8838189449420568e-08
lowvol_trap,46,1.000001,7.449119988783058e-08,0.0007790818623648127,0.0010428419559084749,0.9800000000000001,0.001929911913635321,2.4771619092469908,1.8506274154975597,1.2139370965316444e-08,2.1750386900060168e-08
lowvol_trap,48,1.0,2.0199536646073042e-07,0.00044943894904485505,0.0006452271054885926,0.98,0.003178013266655209,7.071067768846255,4.9254181041397604,4.03990737837088e-09,8.326360353143757e-09
lowvol_trap,59,1.0,6.981115035101406e-08,0.0005017269519305275,0.0005329452678104261,0.98,0.0018683033794196005,3.7237453005679835,3.5056196053591275,5.034598685869962e-09,5.680613169630542e-09
lowvol_trap,64,1.000119,1.195810990732797e-08,0.0006261589234539558,0.000874713832015711,0.98,0.0007732434903485434,1.2348997377267328,0.8839959562165183,7.841499948420345e-09,1.5302485758392206e-08
lowvol_trap,68,1.000015,1.959501547324916e-07,0.0006898193624586941,0.0008170352320570594,0.9800000000000001,0.003130097081022348,4.5375604852056854,3.8310429687856487,9.517015056458337e-09,1.3350931408450596e-08
lowvol_trap,81,1.0,1.253390258604705e-07,0.0006000636999363717,0.000768669252668203,0.98,0.0025033879629461193,4.171870358449558,3.2567817097618574,7.2015288796265664e-09,1.1817048399949886e-08
lowvol_trap,83,1.0,8.97037218965355e-07,0.0009949655832767706,0.0010372441464965717,0.98,0.006697153197312102,6.731040057944545,6.456679673664698,1.9799130238105705e-08,2.1517508388828046e-08
lowvol_trap,89,1.000005,7.734179503044282e-10,0.0007864591047135118,0.0006319314271723119,0.98,0.00019664917369575032,0.25004373719773376,0.3111875201011786,1.2370358467735581e-08,7.986746572960706e-09
lowvol_trap,97,1.00082,8.594360394428555e-10,0.0013089515230607198,0.0006049694986590714,0.9800000000000001,0.00020729641090029268,0.15836828732631117,0.3426559708543486,3.42670817944594e-08,7.31976188615613e-09
lowvol_trap,99,1.000006,1.029049096698349e-07,0.0006886002775765108,0.0007414689086305422,0.9800000000000002,0.0022683133565475026,3.2940930034630562,3.0592157407341185,9.483406845568856e-09,1.0995522849315236e-08
lowvol_trap,100,1.0,1.3725002858533914e-07,0.0012059678185735339,0.0006639108396649661,0.98,0.002619637652284558,2.172228488968444,3.945767256348042,2.908716758870018e-08,8.815552060492814e-09
lowvol_trap,101,1.000001,1.4203745656339095e-08,0.0003799502599798509,0.0005809572466950183,0.98,0.0008427261018960753,2.217990591559974,1.4505819605319017,2.8872440011751284e-09,6.750226449749131e-09
lowvol_trap,106,1.000011,2.153415812969925e-09,0.001290080566306672,0.0006772079720927675,0.9799999999999999,0.00032813227614560494,0.25435022022307,0.4845369364621946,3.328615735124309e-08,9.17221274932003e-09
lowvol_trap,107,1.003531,4.134509739339054e-09,0.0004015951213387534,0.0004648073837426982,0.98,0.0004546707456687229,1.132162024660651,0.9781917447344456,3.2255728296617647e-09,4.320918079634641e-09
lowvol_trap,115,1.000083,1.8631150528751625e-09,0.0012084681916861644,0.0008701763297611654,0.98,0.00030521427332901393,0.2525629349856129,0.3507499145751128,2.920790740634459e-08,1.5144136897532264e-08
lowvol_trap,116,1.000098,3.781092014821413e-09,0.0017125908286513406,0.0008384936769624026,0.98,0.00043480409466916303,0.2538867354624162,0.518553814555073,5.865934692761376e-08,1.4061432926118613e-08
lowvol_trap,132,1.000316,6.40629108876454e-09,0.0007070344670327321,0.0006968966901874149,0.98,0.0005659633861286671,0.800474959168385,0.8121194921681487,9.9979547514452e-09,9.713299935883484e-09
lowvol_trap,139,1.0,7.440371283816465e-08,0.0005658650028567975,0.0005474694704402187,0.98,0.0019287782770210343,3.4085484475687693,3.5230791508248105,6.404064029162475e-09,5.9944564212818745e-09
lowvol_trap,142,1.0,1.1396601438537792e-07,0.00035113373659702524,0.0004555317432845794,0.98,0.0023871113755476285,6.798296850317093,5.240274494013372,2.465898019531784e-09,4.150183382797763e-09
lowvol_trap,143,1.0,3.2089581045650964e-07,0.0006376736565370893,0.000826750906769959,0.9800000000000001,0.004005594902486465,6.2815750053703,4.844983984518338,8.132553844827597e-09,1.3670341236898926e-08
lowvol_trap,146,1.0,3.753190727855746e-07,0.0006126329022545876,0.0007472627822486021,0.9799999999999999,0.004331968794818196,7.0710678105531946,5.797115683699366,7.506381458497628e-09,1.1168033314678505e-08
lowvol_trap,147,1.000001,3.466749516058561e-08,0.0005214972704962314,0.0007791491914304292,0.9800000000000001,0.0013165769092724087,2.5246093963629344,1.6897622737120777,5.439188062700366e-09,1.2141469250133774e-08
lowvol_trap,161,1.00001,3.5683826111974897e-07,0.0008511273277466057,0.0009190871444674188,0.98,0.004223968874883838,4.962793153483824,4.59583065687584,1.4488354560741572e-08,1.6894423582505492e-08
lowvol_trap,175,1.0,1.9528701577924042e-07,0.0004419129051965335,0.0005293170234080557,0.98,0.0031247961195831663,7.071067811865473,5.903449126695157,3.905740315584812e-09,5.603530225391289e-09
lowvol_trap,180,1.000003,4.306593492894621e-08,0.0006830498532698667,0.0008686266721306933,0.9800000000000001,0.0014674115804529145,2.148322810448147,1.6893466750835948,9.331142041039684e-09,1.5090245910736787e-08
lowvol_trap,182,1.0,3.739917347972478e-08,0.0005170414769952434,0.0008494468862693794,0.9800000000000001,0.001367464322747123,2.644786508606742,1.6098291074475353,5.346637778668432e-09,1.4431200251854812e-08
lowvol_trap,186,1.0,1.900954674224598e-07,0.009579844559760861,0.000763060816138981,0.98,0.0030829812472869473,0.321819548120508,4.04028248087296,1.8354684357835972e-06,1.1645236182533767e-08
lowvol_trap,189,1.0,3.4367512146649174e-08,0.00048710167501262163,0.0006079310566357773,0.98,0.0013108682646751568,2.6911594271179418,2.156277838361073,4.7453608360020374e-09,7.391603392445859e-09
lowvol_trap,193,1.000029,4.619656585579026e-09,0.0018871569451363052,0.0009397654989957245,0.98,0.00048060673037209024,0.25467236925404585,0.5114113370683305,7.12272267115239e-08,1.7663183862053676e-08
lowvol_trap,197,1.000001,2.7748969672491676e-08,0.00016658182262866604,0.000325613519938081,0.98,0.0011779000312524754,7.070999780559357,3.617478879490219,5.549900726057676e-10,2.1204832873293437e-09
crash_cluster,22,1.0,8.000105240704697e-06,0.009125686846767973,0.011059173797829131,0.98,0.020000131550448223,2.19163027246893,1.8084652539210626,1.6655632085054812e-06,2.44610650181181e-06
crash_cluster,27,1.0,1.555887650916146e-05,0.008447967824822995,0.011229168196218402,0.9800000000000001,0.027891644366334456,3.301580326144158,2.4838566738832357,1.427363207384885e-06,2.5218843675792453e-06
crash_cluster,45,1.0,2.0974387711507813e-05,0.006842735258928513,0.01102051741740723,0.9799999999999999,0.03238393715370915,4.732601208187042,2.9385133135906822,9.364605164756754e-07,2.4290360829475387e-06
crash_cluster,51,1.0,9.240887635707141e-07,0.0101298261308836,0.01283040480639288,0.9800000000000001,0.006797384657243985,0.6710267846079077,0.5297872327346304,2.052267548838635e-06,3.2923857499181747e-06
crash_cluster,62,1.0,7.15026299859165e-06,0.01095452137808022,0.01151866950306688,0.9799999999999999,0.018908018138598773,1.7260469431766634,1.6415106044638625,2.4000307724563468e-06,2.653594942417677e-06
crash_cluster,63,1.0,6.518876572696599e-06,0.008339441416102985,0.01018514294768541,0.9799999999999998,0.018053914496164704,2.1648829454336864,1.7725735013142339,1.390925662652292e-06,2.0747427372957417e-06
crash_cluster,69,1.0,5.62121233522734e-06,0.007245707727773018,0.011214683467701677,0.9800000000000001,0.016764862563151788,2.3137646718610467,1.4949028754520484,1.0500056095261877e-06,2.5153825056148147e-06
crash_cluster,93,1.000011,6.934748750319086e-07,0.008219506928696404,0.011716100326915587,0.9800000000000001,0.0058884415384374495,0.7163983909885631,0.5025939838454471,1.3512058830177578e-06,2.7453401374070176e-06
crash_cluster,113,1.0,1.1915609537095855e-05,0.00886848698652169,0.010841177469794757,0.9800000000000002,0.024408614808194232,2.7522862519041182,2.2514726722443674,1.5730012286020755e-06,2.350622578631685e-06
crash_cluster,118,1.0,3.77374145187164e-06,0.008210849741758945,0.011170859880630369,0.98,0.013736341310319202,1.6729500286016163,1.2296583662406535,1.3483610696348599e-06,2.495762209453545e-06
crash_cluster,121,1.0,2.20899724631529e-05,0.007240350721420664,0.011597709856220266,0.9799999999999998,0.03323399800140862,4.590108860760769,2.865565565393416,1.0484535713835471e-06,2.690137478181406e-06
crash_cluster,123,1.0,3.2840773152921624e-06,0.01018285516098773,0.011005607273972233,0.98,0.012814205623627553,1.2584098880951367,1.1643342620386405,2.0738107845930905e-06,2.4224678293782127e-06
crash_cluster,134,1.0,3.1714633691729536e-06,0.01049758878161549,0.010574168117109494,0.9800000000000001,0.01259258386744549,1.1995691705412372,1.1908817533428568,2.2039874045579775e-06,2.2362606273778886e-06
crash_cluster,143,1.0,2.4077739834032257e-05,0.009693896565054982,0.010860150727242536,0.98,0.034697074685074124,3.579270157487731,3.1948980779831166,1.8794326122796976e-06,2.3588574763685338e-06
crash_cluster,162,1.0,1.4157422168702627e-05,0.007178064359876173,0.011784565993766922,0.98,0.026605847260238315,3.706548997938671,2.2576857963467343,1.0304921590904914e-06,2.7775199132289575e-06
crash_cluster,171,1.0,1.9068566152645284e-06,0.012578197213790453,0.011317966327304552,0.9799999999999998,0.009764365353837661,0.7762929128772309,0.8627314370322137,3.164220902980157e-06,2.5619272357200244e-06
crash_cluster,173,1.0,1.4715405365329637e-05,0.007944413561456939,0.011359271035689853,0.9800000000000001,0.02712508559003059,3.4143597107822363,2.3879248505301005,1.2622741367092126e-06,2.5806607692452364e-06
crash_cluster,199,1.0,1.959830934108934e-05,0.009124434402412293,0.01112784946379148,0.98,0.03130360150293359,3.430744320399479,2.8130863564241486,1.665106063278501e-06,2.4765806737760887e-06
trend_shift,1,1.0,1.80916323203731e-07,0.018061848334157048,0.01434319740049389,0.9799999999999999,0.0030076263332047236,0.1665181922448631,0.20969008856429458,6.524607304921876e-06,4.114546233390721e-06
trend_shift,2,1.0,2.2253033257586055e-07,0.019469822505947285,0.014319492569374466,0.9799999999999999,0.0033356433605517474,0.1713237683359895,0.23294424326779492,7.581479768261878e-06,4.100957348887437e-06
trend_shift,3,1.0,3.549981338818157e-07,0.01967028286104245,0.014778389694465729,0.98,0.0042130638131994596,0.21418420075410055,0.2850827390738779,7.738400556668415e-06,4.368016039229821e-06
trend_shift,4,1.0,2.340828207190991e-07,0.01628318493987997,0.014625964728947812,0.9799999999999998,0.0034211315432112247,0.21010211183147337,0.23390809472144405,5.302842235726743e-06,4.27837688504856e-06
trend_shift,6,1.0,2.822954798742683e-07,0.019779834023200903,0.01497450903279051,0.9799999999999999,0.003756963400635322,0.1899390761433369,0.2508905896285809,7.82483667970757e-06,4.484718415462521e-06
trend_shift,7,1.0,2.4875643263832566e-07,0.017812419909853685,0.013904730704212817,0.98,0.003526729594385749,0.19799272711030078,0.2536352317357164,6.3456460608990455e-06,3.866830719133577e-06
trend_shift,8,1.0,2.975064029725413e-07,0.020465582709033047,0.014316428562956921,0.98,0.0038568536592184896,0.18845559953277857,0.269400545133017,8.376801512405456e-06,4.099202535964979e-06
trend_shift,9,1.0,1.3788822466557074e-07,0.018632649339354112,0.013527619769577986,0.9799999999999998,0.00262572108824956,0.14092043704722987,0.19410074595343785,6.943512428066747e-06,3.659929932605587e-06
trend_shift,11,1.0,3.1167152267553736e-07,0.016252795372275544,0.014394620993943088,0.9800000000000001,0.003947603847117506,0.2428876852686791,0.2742415968283266,5.283067148261202e-06,4.1441022711853225e-06
trend_shift,12,1.0,3.810754935212332e-07,0.020021372433731085,0.015099494991429019,0.9800000000000001,0.004365062963585032,0.21802016710058175,0.2890866857509333,8.017107082603303e-06,4.559894979923779e-06
trend_shift,13,1.0,2.6530115601513027e-07,0.015173815155468276,0.014194499637824593,0.98,0.0036421227053404586,0.24002682700585856,0.2565869032561855,4.6048933274463785e-06,4.029676399364053e-06
trend_shift,15,1.0,1.9732735825258576e-07,0.024689891965037902,0.014480013596589557,0.9799999999999999,0.003141077508217399,0.12722119289405232,0.21692503858955006,1.2191815304904942e-05,4.193415875148396e-06
trend_shift,16,1.0,3.909902608814885e-07,0.020549976804918463,0.014194717269149018,0.9799999999999998,0.0044214831271954655,0.21515757264199056,0.3114879319791155,8.446030933653839e-06,4.0297999670215955e-06
trend_shift,17,1.0,2.1698331068806553e-07,0.01721998146433389,0.01359870452244483,0.98,0.0032938071489392435,0.19127820525018527,0.24221477446640405,5.93055523264006e-06,3.6984952937752325e-06
trend_shift,18,1.0,2.147406201522869e-07,0.018315578445943587,0.014908605026281104,0.9799999999999999,0.0032767409124943455,0.17890458235677817,0.21978856551086162,6.709208276190309e-06,4.445330076593113e-06
trend_shift,20,1.0,2.2561495650275082e-07,0.01978322594730148,0.014335363736138319,0.9800000000000001,0.00335868245375141,0.16977425535644503,0.23429349373845584,7.827520577639613e-06,4.1100530689477725e-06
trend_shift,21,1.0,5.657104324861906e-07,0.017254825008843244,0.014734953007587894,0.98,0.005318413449921838,0.3082276086367787,0.3609386095213927,5.9545797217160505e-06,4.342376802716474e-06
trend_shift,22,1.0,2.4499071824913074e-07,0.02163534066149477,0.015422994931659039,0.9800000000000001,0.0034999337011515797,0.16176929015869593,0.22692957604279618,9.361759310778537e-06,4.757375453239586e-06
trend_shift,23,1.0,3.215950600043669e-07,0.01702097008463173,0.01358368276948161,0.98,0.004009956732960885,0.23558920044054854,0.2952039443949644,5.794268452438569e-06,3.690328751638235e-06
trend_shift,24,1.0,2.742530989958047e-07,0.018599081761130568,0.014334227719461195,0.98,0.003703060214172897,0.19909908788678835,0.25833691822443644,6.918516847144401e-06,4.109401686267398e-06
trend_shift,26,1.0,2.6867435426127414e-07,0.019662497211492075,0.013703191467827036,0.98,0.0036652036386896287,0.1864058058987258,0.26747080395796535,7.73227593183868e-06,3.755549128078557e-06
trend_shift,27,1.0,2.883758411162007e-07,0.015324526164534053,0.014187180800416631,0.9799999999999999,0.003797208455669762,0.2477863533854469,0.2676506706362867,4.696822043349806e-06,4.025521981274232e-06
trend_shift,28,1.0,2.073969665598067e-07,0.016285028321811973,0.014544690133897203,0.9799999999999999,0.003220224887797476,0.19774143613151382,0.2214020964456688,5.304042948844396e-06,4.23096022182176e-06
trend_shift,29,1.0,3.2674915291863013e-07,0.023323514584150336,0.014388067637453938,0.98,0.004041962103475427,0.17329987249100834,0.2809245970566398,1.0879726651141479e-05,4.14032980679899e-06
trend_shift,32,1.0,2.3730680710409022e-07,0.02321895343415671,0.014594290646980824,0.98,0.0034446103343055367,0.1483533848359536,0.23602451243617903,1.0782395971550765e-05,4.259866389771043e-06
trend_shift,34,1.0,2.5165129563029966e-07,0.018328893502201942,0.014162755345176145,0.98,0.003547191111501461,0.19353001920575943,0.250459110889721,6.718966740301217e-06,4.011672779346313e-06
trend_shift,36,1.0,2.2246576788789988e-07,0.01892423835840999,0.014749677169593734,0.98,0.0033351594256339507,0.17623744546378511,0.22611745242189693,7.162535948918326e-06,4.351059532144696e-06
trend_shift,37,1.0,2.4712870197981353e-07,0.016475073597077693,0.014917493495170022,0.9799999999999999,0.0035151721293544924,0.213363060786448,0.23564093595835206,5.428561000582565e-06,4.450632243568827e-06
trend_shift,40,1.0,2.2488605462774578e-07,0.018273648067544616,0.014751319887834995,0.9800000000000001,0.0033532525600359036,0.18350208713888577,0.22731881523369568,6.67852427392951e-06,4.352028768664705e-06
trend_shift,41,1.0,6.897502069221989e-07,0.02095749225846449,0.014534682255672416,0.98,0.005872606776050131,0.2802151470998756,0.4040409465269351,8.784329635271989e-06,4.225139765467175e-06
trend_shift,43,1.0,3.03726618901741e-07,0.01434224492301302,0.014322804970058507,0.98,0.003896964324328237,0.2717122978478297,0.2720810855467732,4.113999788633859e-06,4.102854844206657e-06
trend_shift,45,1.0,3.4907182229962883e-07,0.014610720990442532,0.01471748970101317,0.9800000000000001,0.004177749527554462,0.28593726006316167,0.2838629149689067,4.26946335721114e-06,4.332090061988554e-06
trend_shift,46,1.0,2.0814425567553648e-07,0.019282461813106836,0.014728996913254593,0.9800000000000001,0.0032260212001437426,0.16730338850980764,0.2190251799999125,7.436266671478433e-06,4.338867001413246e-06
trend_shift,47,1.0,3.019937330866302e-07,0.017962397573666248,0.013924983439142205,0.98,0.003885831526756081,0.21633145078878,0.2790546605486989,6.452954531889028e-06,3.878103275607697e-06
trend_shift,48,1.0,2.2410756826351757e-07,0.016419280343852868,0.01453820602500078,0.9800000000000001,0.0033474435638522616,0.20387273338112497,0.23025148756977268,5.391855340200638e-06,4.2271886885073604e-06
trend_shift,50,1.0,2.79676991383513e-07,0.02122653728693028,0.015197800394303738,0.98,0.0037394985718911078,0.17617091856963465,0.24605524976447926,9.011317703868837e-06,4.619462736501981e-06
trend_shift,51,1.0,2.1717585014443576e-07,0.015961467032541844,0.014376441758108396,0.98,0.0032952681995888863,0.2064514616902428,0.22921305946447673,5.095368596618407e-06,4.1336415524856595e-06
trend_shift,52,1.0,3.717503375847254e-07,0.017501825559115516,0.014028882488446505,0.9800000000000001,0.0043113242605070145,0.24633568915109758,0.30731772570321325,6.126277958034155e-06,3.936190877492802e-06
trend_shift,54,1.0,1.2300022824964042e-07,0.017059831545569802,0.01480047732645829,0.98,0.0024799216545048387,0.14536612790580805,0.16755686994442878,5.820757047264376e-06,4.381082581820122e-06
trend_shift,56,1.0,3.2521113751048937e-07,0.016809200183905505,0.013969970498529731,0.98,0.004032438080804769,0.23989470270368685,0.28865043639348864,5.650984216452183e-06,3.903201514595824e-06
trend_shift,57,1.0,3.3181177406592884e-07,0.023794859420307596,0.014410059957110356,0.9800000000000001,0.004073154637783412,0.17117792401442808,0.2826604920386605,1.132390669664397e-05,4.152996559350287e-06
trend_shift,58,1.0,3.8539834006147803e-07,0.016090264665503,0.014754951855052788,0.98,0.004389751360051488,0.27282033274834633,0.2975103818145114,5.177932340118691e-06,4.354172084898518e-06
trend_shift,62,1.0,2.8670866739339957e-07,0.019881961542438722,0.015041020492919064,0.98,0.0037862162338765026,0.19043474285948575,0.25172602056216586,7.905847895500254e-06,4.5246459493682285e-06
trend_shift,64,1.0,2.0789893002240607e-07,0.018641791257626893,0.015048403986574282,0.98,0.0032241194923762198,0.17295116374919925,0.21424992944452306,6.950327625858696e-06,4.529089250862899e-06
trend_shift,65,1.0,2.1919531173669247e-07,0.015794159927183523,0.01513700552599763,0.9799999999999999,0.003310553667717011,0.2096061888052163,0.21870598263515026,4.989109756109029e-06,4.582578725881685e-06
trend_shift,66,1.0,2.8244895583724354e-07,0.017168999653838075,0.014176620872974633,0.9800000000000001,0.0037579845385342183,0.2188819741570752,0.2650832361397341,5.895490982269811e-06,4.0195315875211825e-06
trend_shift,67,1.0,2.695069158570532e-07,0.018837697090979787,0.014170163283775633,0.98,0.0036708780683717417,0.19486872788338333,0.2590568644028806,7.097176633830173e-06,4.015870549777264e-06
trend_shift,68,1.0,3.660085620904886e-07,0.01797253766350476,0.014686528196840836,0.9799999999999999,0.004277899964296069,0.2380242592554318,0.2912805468358596,6.460242201321983e-06,4.3138822095320464e-06
trend_shift,70,1.0,5.059612049562178e-07,0.015926036385860258,0.014671854878489066,0.9799999999999999,0.005029717710549045,0.31581729368737477,0.34281403082328027,5.07277269927493e-06,4.305266511508896e-06
trend_shift,71,1.0,2.1092690861835854e-07,0.01948249578553581,0.013331529141596464,0.9799999999999999,0.003247513730674261,0.16668879420907046,0.24359649190890703,7.59135284066846e-06,3.5545933850647377e-06
trend_shift,72,1.0,3.252049043514533e-07,0.014654135091251292,0.013986613973892241,0.98,0.004032399436758796,0.2751714387542524,0.28830419172830335,4.2948735054528535e-06,3.912507409093558e-06
trend_shift,74,1.0,2.3885167179330885e-07,0.017840718099956906,0.013143740516863086,0.98,0.0034558043332436274,0.1937032082386849,0.26292396207989027,6.365824446442604e-06,3.455158295492569e-06
trend_shift,75,1.0,3.9124353711875446e-07,0.019648709052071497,0.01460985233170966,0.9799999999999999,0.004422914972723034,0.2250995198209595,0.3027350908347929,7.721435348259176e-06,4.268955703087271e-06
trend_shift,76,1.0,1.2739794622246135e-07,0.017121446314575416,0.013552874338987376,0.9799999999999998,0.00252386554933558,0.14740959980623972,0.186223636861681,5.862878478057832e-06,3.673608056967694e-06
trend_shift,77,1.0,2.157541734652743e-07,0.019148274072475456,0.014836317401227579,0.9800000000000001,0.003284464746844418,0.17152797867906264,0.22138005395952612,7.333127999092682e-06,4.402326280599344e-06
trend_shift,79,1.0,3.030716882306154e-07,0.017330676253918976,0.014135973472555284,0.9800000000000001,0.0038927605129947104,0.22461676947628878,0.2753797268049794,6.0070467883629936e-06,3.996514920335715e-06
trend_shift,80,1.0,3.079802621056891e-07,0.01751469932422239,0.014766023157520174,0.9799999999999999,0.003924157630025119,0.22404938602617674,0.2657558902734477,6.1352938483583645e-06,4.360708797768469e-06
trend_shift,81,1.0,2.69981547705172e-07,0.015462025533250948,0.015365097161597107,0.9800000000000001,0.0036741090600659453,0.2376214585964049,0.23912045732121126,4.781484671818063e-06,4.721724215706367e-06
trend_shift,82,1.0,2.1458939748664208e-07,0.014579963939453194,0.013896598387763024,0.98,0.0032755869511176304,0.224663583855234,0.23571142086123933,4.251506969515114e-06,3.862308935015561e-06
trend_shift,83,1.0,2.4340554032358755e-07,0.019675612685599742,0.014320898799550112,0.98,0.003488592411873214,0.1773054017487576,0.24360149880975399,7.742594691074676e-06,4.1017628485391206e-06
trend_shift,84,1.0,2.0872075867617968e-07,0.014308476413790832,0.01362121692107592,0.9800000000000001,0.0032304857117481625,0.22577426263459802,0.23716571951436122,4.094649945680152e-06,3.7107510082200827e-06
trend_shift,85,1.0,3.5621333966361477e-07,0.01938455886988352,0.014558499112345346,0.9799999999999999,0.004220268591355368,0.21771290333112067,0.2898834940874267,7.515222451599645e-06,4.238997928083232e-06
trend_shift,89,1.0,1.749109648491558e-07,0.017651835553688752,0.014374987221165455,0.98,0.002957287311449089,0.1675342659098757,0.20572451759086338,6.231745968289412e-06,4.132805152173406e-06
trend_shift,90,1.0,3.3553524654523104e-07,0.020446054730074343,0.014444825629455536,0.9799999999999999,0.004095944619652644,0.2003293385314024,0.2835579137279646,8.360823080503962e-06,4.173059749307538e-06
trend_shift,92,1.0,3.394683648028122e-07,0.02126094772444104,0.01398674752234051,0.9799999999999999,0.0041198808526631565,0.19377691465404653,0.29455603213560727,9.040557962828352e-06,3.912582125073993e-06
trend_shift,96,1.0,2.934040629235409e-07,0.020833830899494695,0.015022305350301485,0.98,0.003830170119743643,0.18384377497450746,0.2549655349447929,8.680970198974807e-06,4.513393160753937e-06
trend_shift,97,1.0,1.6384350441434395e-07,0.018165777084085434,0.01334148698920212,0.9800000000000001,0.0028621976208356467,0.15755987798304227,0.2145336290589014,6.599909141373639e-06,3.559905501660972e-06
trend_shift,98,1.0,2.9661603933273047e-07,0.020309467721412816,0.014598957471009718,0.9799999999999998,0.0038510780265578032,0.18961984033178322,0.26379130387941657,8.24948958254228e-06,4.2625911848070605e-06
trend_shift,100,1.0,2.6747867876444377e-07,0.016717158105357996,0.01412596752133043,0.98,0.0036570389577118504,0.21875960822191048,0.2588876798838497,5.5892675023907355e-06,3.990859168273647e-06
trend_shift,101,1.0,2.54236120336999e-07,0.01993284315090372,0.014458131937691592,0.9799999999999998,0.003565361975571316,0.1788687117326596,0.24659907593432623,7.946364721570682e-06,4.1807515825540025e-06
trend_shift,102,1.0,3.696341418798548e-07,0.021549855353758765,0.014477956601087534,0.9800000000000002,0.0042990356004565635,0.1994925501765244,0.29693662710203417,9.287925315358411e-06,4.192224546859439e-06
trend_shift,103,1.0,4.296074565548912e-07,0.018835680269236613,0.014745598448203305,0.98,0.004634692312089826,0.2460591943503862,0.3143102213430033,7.095657024098195e-06,4.3486534719131175e-06
trend_shift,104,1.0,3.192997259910606e-07,0.014610360184162554,0.014666941145654712,0.9800000000000001,0.003995620890368993,0.2734786028547192,0.2724235988055868,4.26925249421923e-06,4.302383251401963e-06
trend_shift,105,1.0,1.892418965271123e-07,0.01790860344894686,0.013562777387867325,0.9800000000000001,0.0030760518243936755,0.171763914096527,0.22680102580946132,6.414361549832598e-06,3.6789786094568875e-06
trend_shift,106,1.0,1.7978655430957076e-07,0.018835457413583206,0.015357804765550709,0.9799999999999999,0.0029982207582962403,0.1591796096299775,0.19522456523354093,7.095489119578177e-06,4.717243344335472e-06
trend_shift,107,1.0,3.1102165593393054e-07,0.013272750645810487,0.013501621724439096,0.9799999999999999,0.00394348612229033,0.2971114449087524,0.2920749968244393,3.5233181941172763e-06,3.645875783796938e-06
trend_shift,109,1.0,2.9911393833264845e-07,0.019091125778127577,0.014371008315352088,0.98,0.003867259613296269,0.20256844243972932,0.2691014804552718,7.289421669525752e-06,4.1305175999983805e-06
trend_shift,111,1.0,3.1944383189714086e-07,0.017172940696005543,0.014519505403345595,0.98,0.003996522437677165,0.2327220776233603,0.27525196807022667,5.898197842970472e-06,4.2163207431556425e-06
trend_shift,112,1.0,2.6179873494012265e-07,0.014406051304613168,0.014386701988490493,0.9799999999999999,0.0036180017616090306,0.2511445839742677,0.25148235950834796,4.150686283822962e-06,4.1395438821127524e-06
trend_shift,113,1.0,3.0840748864781767e-07,0.015984685587519018,0.014849101966090414,0.9800000000000001,0.003926878459080565,0.24566504217929105,0.2644522522673783,5.11020346663674e-06,4.4099165839869836e-06
trend_shift,116,1.0,2.5801630197685547e-07,0.01706299969846921,0.014551809828417916,0.9800000000000001,0.0035917704685632175,0.21050052933456068,0.24682637492615703,5.822919174199179e-06,4.235103385648786e-06
trend_shift,117,1.0,2.2423122779397774e-07,0.018274405866555724,0.014195965673747432,0.98,0.0033483669735706804,0.1832271318707318,0.23586750281897398,6.679078195512131e-06,4.030508828204312e-06
trend_shift,118,1.0,2.2920918045835705e-07,0.01600641674103363,0.013927496327876914,0.9800000000000001,0.0033853299725311718,0.21149830266836855,0.2430680929892032,5.1241075377528085e-06,3.87950307926048e-06
trend_shift,119,1.0,5.04489926586914e-07,0.017315960900633053,0.014655677478999552,0.9799999999999999,0.005022399459356607,0.29004451373951723,0.3426930939598879,5.996850038245091e-06,4.295777647369121e-06
trend_shift,120,1.0,1.4439563393598492e-07,0.018346533479485384,0.013681126771712071,0.9800000000000001,0.0026869651461824506,0.14645628555317794,0.19639940415859483,6.73190581427753e-06,3.7434645948731177e-06
trend_shift,121,1.000001,2.1754622127056465e-07,0.02085584654020277,0.014688005951244714,0.9800000000000001,0.0032980768735019327,0.15813680193438304,0.22454217982002125,8.699326698169715e-06,4.314750376475983e-06
trend_shift,122,1.0,3.0843173851909003e-07,0.015729899204186562,0.014191922049612424,0.98,0.003927032839938379,0.24965403712778952,0.27670901983608515,4.948594579477385e-06,4.02821302924551e-06
trend_shift,123,1.0,3.8959097319932926e-07,0.017716716298830162,0.013868814014128627,0.9800000000000001,0.004413564167423711,0.24911863423105893,0.3182365963612653,6.277640728264657e-06,3.846880043169795e-06
trend_shift,124,1.0,2.612576686668296e-07,0.017895186974378377,0.015248500947994348,0.9800000000000001,0.003614261118588631,0.2019683350480432,0.23702402819235938,6.404754336959201e-06,4.650335623219669e-06
trend_shift,125,1.0,2.2363319043860597e-07,0.021905216287796687,0.014935264836456625,0.9800000000000001,0.0033438988504334802,0.15265308529714694,0.2238928393335954,9.59677001230302e-06,4.461242714701934e-06
trend_shift,126,1.0,1.982535071974368e-07,0.018965122057555708,0.014587738850461954,0.98,0.003148440147100121,0.1660121214904484,0.2158278386646892,7.1935170931597274e-06,4.256042495385545e-06
trend_shift,128,1.0,2.71937151694459e-07,0.01716119919528547,0.014616759194828449,0.98,0.0036873917048128937,0.21486795082629745,0.2522714957305672,5.890135156405338e-06,4.272992987192044e-06
trend_shift,129,1.0,3.3312606710248717e-07,0.01661152160650779,0.01406786797119377,0.9799999999999999,0.004081213466007904,0.2456857091531599,0.29010888319145783,5.518853001669538e-06,3.9580981850988165e-06
trend_shift,130,1.0,2.2199174235914878e-07,0.01319996642717504,0.014685177717164597,0.9800000000000001,0.0033316042859195464,0.25239490602496567,0.22686850306383693,3.4847822735709477e-06,4.313088891694132e-06
trend_shift,131,1.0,2.12293018902401e-07,0.019437568804295723,0.014126109046500827,0.98,0.0032580133432998765,0.16761424106598416,0.23063770303450387,7.556381620434611e-06,3.9909391358726535e-06
trend_shift,133,1.0,2.1615102871184086e-07,0.017665728007024876,0.014669664772752904,0.98,0.0032874840586065257,0.18609389079800387,0.2241008304915476,6.241558920363667e-06,4.303981290898955e-06
trend_shift,134,1.0,8.722080174651646e-08,0.018136617217600362,0.014665407374975764,0.9800000000000001,0.002088310342675591,0.11514332125006348,0.14239702241336763,6.578737681955127e-06,4.30148346947985e-06
trend_shift,135,1.0,1.9032548120481257e-07,0.016033236881178692,0.014576752233873697,0.9800000000000001,0.0030848458730122438,0.19240318694683065,0.2116277908492969,5.141293697759749e-06,4.249634113754816e-06
trend_shift,136,1.0,1.3077880382777897e-07,0.013835378386619442,0.013628946806616821,0.98,0.0025571351531330803,0.18482581984213406,0.18762529411968923,3.828353902018732e-06,3.7149638211518204e-06
trend_shift,139,1.0,3.840697975076879e-07,0.01856374900118808,0.014153898833474213,0.9800000000000001,0.0043821786676702815,0.2360610815945541,0.30960929700206374,6.892255539582195e-06,4.006657043764435e-06
trend_shift,141,1.0,2.8973991908952913e-07,0.017283260263076246,0.015053046331536552,0.98,0.0038061786550918028,0.22022341833405576,0.2528510556110993,5.9742217064246135e-06,4.531884077187725e-06
trend_shift,146,1.0,2.267317222240043e-07,0.01883639158693415,0.014292888493791756,0.98,0.0033669847209632842,0.17874892361543337,0.23557062817818555,7.09619296032648e-06,4.085733229919299e-06
trend_shift,147,1.0,2.656494172010125e-07,0.018847210054175098,0.014181216562897366,0.9799999999999999,0.0036445124310462355,0.19337145500953817,0.2569957531416208,7.104346536524025e-06,4.022138064075917e-06
trend_shift,149,1.0,6.89134532745431e-07,0.02110416182541971,0.013971345882771354,0.9799999999999999,0.00586998523313912,0.2781434904497744,0.4201445789397887,8.907712927070111e-06,3.903970115520666e-06
trend_shift,150,1.0,1.8294333295840588e-07,0.02191911076026476,0.014511399622818427,0.9799999999999998,0.0030244283175370817,0.1379813419721298,0.2084174094951754,9.608948330415203e-06,4.211614380262746e-06
trend_shift,151,1.0,2.2532994876994132e-07,0.016336485005607318,0.013531282284800753,0.9799999999999999,0.003356560358238325,0.20546404915661004,0.24805929605124266,5.337614846768689e-06,3.6619120054192774e-06
trend_shift,152,1.0,3.0108044822696357e-07,0.016103292610574232,0.01394673640158533,0.9800000000000002,0.0038799513413634882,0.2409414916062394,0.2781977969356654,5.186320658035441e-06,3.890229125106067e-06
trend_shift,154,1.0,2.395680402302218e-07,0.01726784862263064,0.014180380455890275,0.9799999999999999,0.0034609828100571395,0.20042929989097172,0.24406840287698414,5.963571921081777e-06,4.021663797475923e-06
trend_shift,155,1.0,3.0036323010315473e-07,0.01901898157684734,0.014315112242551352,0.98,0.0038753272771674036,0.20376103007981317,0.27071581497266084,7.234433204409179e-06,4.098448770336875e-06
trend_shift,156,1.0,2.0716256464542309e-07,0.019166956828150422,0.014120109687489273,0.9800000000000001,0.003218404609782804,0.16791422021966199,0.2279305671849264,7.347444681043607e-06,3.9875499517345495e-06
trend_shift,157,1.0,2.6564377731532636e-07,0.01633046499755081,0.013852269370429505,0.9799999999999999,0.003644473743322379,0.2231702369693065,0.2630957892792824,5.333681740724677e-06,3.8377073342188134e-06
trend_shift,158,1.0,3.3626756117188996e-07,0.016116066355040967,0.014693005237895879,0.9800000000000001,0.004100411937670967,0.2544300729059975,0.27907237976716115,5.1945518952016445e-06,4.317688058416694e-06
trend_shift,159,1.0,1.8987482228538807e-07,0.014485570910480717,0.013460930571743527,0.98,0.0030811915088597456,0.21270763354107206,0.22889884859280232,4.196635292051306e-06,3.6239330371459934e-06
trend_shift,160,1.0,3.339298758307616e-07,0.01769169935840228,0.013905510868242614,0.98,0.004086134333515978,0.23096336031594158,0.2938499974745901,6.259924523761838e-06,3.867264650136273e-06
trend_shift,161,1.0,4.635989164162834e-07,0.014881500234466908,0.014842882408679457,0.98,0.004814555620284613,0.32352622682044274,0.32436796895118397,4.429180984568777e-06,4.4062231639577254e-06
trend_shift,162,1.0,1.139852340565011e-06,0.016765608305644948,0.015198766100875909,0.98,0.007549345470188161,0.4502875966418893,0.4967077866770441,5.621712437166223e-06,4.620049819782698e-06
trend_shift,163,1.0,4.954526717574131e-07,0.017083063064884413,0.014408274724791585,0.9800000000000001,0.004977211426880595,0.29135357095951053,0.3454411802904174,5.836620873576334e-06,4.1519676109013416e-06
trend_shift,164,1.0,2.6419687723026146e-07,0.016554568355582413,0.015262536366921153,0.9799999999999999,0.0036345348892964265,0.21954875604296953,0.23813439666382302,5.481074668793047e-06,4.6589003270318455e-06
trend_shift,165,1.0,3.612742857650569e-07,0.020211882924973768,0.014319044278149694,0.98,0.00425014285504062,0.21027941190917698,0.29681749511216843,8.17040422745693e-06,4.100700580792234e-06
trend_shift,166,1.0,1.1460970843671191e-07,0.016570811437236554,0.014730880617224542,0.9799999999999999,0.002393843232510341,0.14446143700187758,0.16250510032042925,5.491835833769031e-06,4.339976875178462e-06
trend_shift,167,1.0,1.6824639397526503e-07,0.01582225464615828,0.01439697699351179,0.98,0.002900399920487388,0.18331141707364815,0.20145895362578517,5.006874841757551e-06,4.14545893103416e-06
trend_shift,168,1.0,1.6222744454521405e-07,0.01872989461545739,0.014199258007016442,0.9799999999999999,0.0028480470900707822,0.15205889560747174,0.20057717724851848,7.01617904612284e-06,4.032378558996437e-06
trend_shift,169,1.0,2.145590216779281e-07,0.013819336084489797,0.01412819813590107,0.98,0.0032753551080602536,0.2370124793286101,0.23183105705017476,3.819480996321639e-06,3.992119651345573e-06
trend_shift,170,1.0,2.971515704973333e-07,0.021036799815922273,0.014919533622450718,0.98,0.0038545529604438766,0.1832290554728982,0.2583561294867553,8.850938929903755e-06,4.451849670228753e-06
trend_shift,173,1.0,2.93332559468497e-07,0.021555401311430963,0.014220150466673537,0.98,0.0038297033793003913,0.17766792294743666,0.2693152500935708,9.292706513936802e-06,4.044253585896716e-06
trend_shift,174,1.0,1.3564825865976337e-07,0.01793480176601433,0.014717134236104375,0.98,0.002604306612706761,0.14520966814597355,0.1769574545510241,6.433142287724619e-06,4.331880802470314e-06
trend_shift,175,1.0,3.0964066329897884e-07,0.021323898098316342,0.014513299489920408,0.9799999999999999,0.003934721485054418,0.1845216792404898,0.2711114373259582,9.094172602147645e-06,4.212717241682507e-06
trend_shift,176,1.0,3.2841465444172954e-07,0.020278828685251094,0.014206039992959805,0.9799999999999998,0.00405225032816166,0.1998266463540315,0.2852484105471943,8.22461785691535e-06,4.0362314456315165e-06
trend_shift,177,1.0,5.308291675677952e-07,0.014063195698289888,0.013678808093389255,0.98,0.005151840290458326,0.3663349640426891,0.3766293272984893,3.955469464967988e-06,3.742195817115431e-06
trend_shift,179,1.0,2.0345317986978423e-07,0.02309248951673236,0.01414097844010799,0.9799999999999999,0.0031894606116848576,0.13811679374689498,0.22554737815302833,1.0665261441607946e-05,3.999345424872006e-06
trend_shift,180,1.0,2.3490907935162603e-07,0.017980071144816877,0.014871303025721781,0.9800000000000001,0.003427164129069595,0.19060904161425107,0.2304548648589761,6.4656591674535e-06,4.423113073656815e-06
trend_shift,182,1.0,1.8306938006318928e-07,0.02243358859258082,0.014822208075662407,0.9800000000000002,0.0030254700466472244,0.13486340066197883,0.20411736437669836,1.0065317942823342e-05,4.393957044764592e-06
trend_shift,183,1.0,4.3976177777625466e-07,0.016711585872285453,0.014203048757651368,0.98,0.004689145859195757,0.28059251198728247,0.3301506556238253,5.58554204733542e-06,4.034531880244445e-06
trend_shift,184,1.0,3.474828039664623e-07,0.01468607094061173,0.014791400764253655,0.9800000000000001,0.004168229863901846,0.283821988927981,0.2818008875788964,4.313613593453586e-06,4.375710731375252e-06
trend_shift,185,1.0,2.2509066103333768e-07,0.017695709165097787,0.014383996428181275,0.9800000000000001,0.0033547776456371793,0.1895814185426369,0.23322987198915485,6.262762457114487e-06,4.137987064918614e-06
trend_shift,186,1.0,2.440961564514934e-07,0.018138279263909755,0.014491302911526229,0.98,0.00349353800932159,0.19260581218819256,0.24107825436061148,6.579943493111578e-06,4.199957201472175e-06
trend_shift,187,1.0,1.7116487682730228e-07,0.018890599816895587,0.01472657169394084,0.9800000000000001,0.0029254476309387516,0.15486261205545507,0.19865096179461847,7.137095228841878e-06,4.337438277135571e-06
trend_shift,188,1.0,2.8537084403842497e-07,0.01615858845642051,0.01451547726542076,0.9799999999999999,0.0037773723938633796,0.23376871092737467,0.26023067135807915,5.221999618079357e-06,4.213981604858966e-06
trend_shift,189,1.0,2.0502212590421876e-07,0.021113938534046025,0.01461108022840208,0.9799999999999999,0.0032017348883395815,0.1516408169502253,0.21913060761351624,8.915968008389529e-06,4.2696733088160715e-06
trend_shift,191,1.0,2.594778195356288e-07,0.016066156112198304,0.014228774811978423,0.9800000000000001,0.003601928785634372,0.2241935631945958,0.25314398697223783,5.162427444430515e-06,4.049160652999814e-06
trend_shift,192,1.0,5.651386418994616e-07,0.02177271400842674,0.014492055123576306,0.98,0.005315724983007779,0.24414618136032204,0.3668027024241666,9.48102150585485e-06,4.200393234095489e-06
trend_shift,193,1.0,2.658086491588911e-07,0.02342224696164302,0.01541744294090976,0.98,0.003645604539434378,0.15564708823216364,0.23645973936189293,1.0972033054643923e-05,4.753950936724168e-06
trend_shift,194,1.0,2.077046706172979e-07,0.01672777516902662,0.014447378672511708,0.9799999999999999,0.0032226128422236555,0.19265041582999573,0.22305865411800668,5.596369242110107e-06,4.17453501013895e-06
trend_shift,195,1.0,4.486764650818059e-07,0.014886431635904297,0.014167167785320465,0.98,0.004736435712019142,0.31817132727734593,0.334324812396651,4.432116937009049e-06,4.014172861148443e-06
trend_shift,196,1.0,1.8724159794248474e-07,0.017482623768557123,0.013685772912065214,0.98,0.0030597516070956197,0.17501672790091435,0.22357170667344475,6.112842676658375e-06,3.7460076040123627e-06
trend_shift,197,1.0,3.832708257456931e-07,0.017623569182081786,0.014124763400367927,0.98,0.004377618220823355,0.24839566693869036,0.30992506541449927,6.211803814312462e-06,3.99017882232747e-06
