date,Close
2012-01-02,101.54844931667564
2012-01-03,101.6481888701609
2012-01-04,102.30277866600206
2012-01-05,104.65718888137958
2012-01-06,104.10365877963201
2012-01-09,103.12087473556981
2012-01-10,103.94902747320593
2012-01-11,104.59152170756285
2012-01-12,104.18910400602401
2012-01-13,103.17373102414402
2012-01-16,104.77577521163167
2012-01-17,103.75531952768962
2012-01-18,102.75572810396045
2012-01-19,101.68981508386206
2012-01-20,102.55253361418309
2012-01-23,103.26739950210428
2012-01-24,103.42556532158822
2012-01-25,102.75195327833713
2012-01-26,103.19774606635737
2012-01-27,104.0459531786546
2012-01-30,105.02177166343787
2012-01-31,106.0682624182203
2012-02-01,106.82084288668634
2012-02-02,107.81151391701877
2012-02-03,108.75272779044005
2012-02-06,109.75074788458909
2012-02-07,110.08118647579144
2012-02-08,110.97885885008498
2012-02-09,111.23748388799473
2012-02-10,109.82838472318348
2012-02-13,109.80767706331218
2012-02-14,110.81579399455244
2012-02-15,110.03524488727325
2012-02-16,111.02616509228211
2012-02-17,110.38630132136686
2012-02-20,110.3389059040139
2012-02-21,113.25738905932883
2012-02-22,113.17630251179828
2012-02-23,113.45921335937632
2012-02-24,111.72517445077604
2012-02-27,111.46470097352096
2012-02-28,112.83464870896671
2012-02-29,113.4747290445918
2012-03-01,113.11559276152508
2012-03-02,112.7174767405138
2012-03-05,113.72478682371674
2012-03-06,114.49684597659879
2012-03-07,114.32752018723862
2012-03-08,115.88130128107798
2012-03-09,115.19902458331379
2012-03-12,115.44952862224866
2012-03-13,115.58568520179647
2012-03-14,116.9309549796163
2012-03-15,116.30384710941826
2012-03-16,116.03556908882358
2012-03-19,116.23696376305115
2012-03-20,116.81028462637566
2012-03-21,116.84024253121108
2012-03-22,116.95318566470073
2012-03-23,115.93150419683498
2012-03-26,116.17001892388963
2012-03-27,116.80032495952064
2012-03-28,116.45474358209815
2012-03-29,117.06977314626002
2012-03-30,117.66267330614775
2012-04-02,119.07751932407325
2012-04-03,119.82829944744051
2012-04-04,120.76957730867622
2012-04-05,120.73526481085248
2012-04-06,119.67795805624615
2012-04-09,121.31300407273507
2012-04-10,120.24164054443287
2012-04-11,118.93316629565722
2012-04-12,119.5554503971143
2012-04-13,120.31269210479567
2012-04-16,119.8708933182933
2012-04-17,118.45795562410694
2012-04-18,117.71103260771912
2012-04-19,117.63130155845967
2012-04-20,117.93483287321837
2012-04-23,118.50085230462253
2012-04-24,118.24650930482447
2012-04-25,118.4914856614417
2012-04-26,117.77110881228894
2012-04-27,116.58626726522867
2012-04-30,118.26808918631413
2012-05-01,117.27275520758451
2012-05-02,117.90052046197684
2012-05-03,118.50008542677526
2012-05-04,118.58545762256938
2012-05-07,119.48237783267226
2012-05-08,118.0019581956665
2012-05-09,117.82337418481855
2012-05-10,119.6626396754259
2012-05-11,118.47272247797622
2012-05-14,118.29851228219543
2012-05-15,117.67855485929569
2012-05-16,117.32774688935925
2012-05-17,118.63526133121107
2012-05-18,118.9784623046153
2012-05-21,117.78602321642178
2012-05-22,117.13467695366992
2012-05-23,116.51809584053137
2012-05-24,117.47699585806276
2012-05-25,117.77472286604389
2012-05-28,117.15895836193373
2012-05-29,117.55315720673055
2012-05-30,117.67622040271071
2012-05-31,118.03607757250974
2012-06-01,117.83673318825116
2012-06-04,118.13380975332342
2012-06-05,117.7047203135594
2012-06-06,116.75694574996452
2012-06-07,115.21443645670595
2012-06-08,115.9806572550964
2012-06-11,117.60027603642122
2012-06-12,119.63968045591398
2012-06-13,119.17442095017373
2012-06-14,118.33395822484766
2012-06-15,119.95727391489854
2012-06-18,120.0973286559938
2012-06-19,119.20316626729166
2012-06-20,119.04072638665544
2012-06-21,119.30936410415856
2012-06-22,119.0998443642697
2012-06-25,119.52131283245635
2012-06-26,120.3944040781069
2012-06-27,120.74867957353649
2012-06-28,120.3837472783133
2012-06-29,120.11442896217798
2012-07-02,121.05229623313724
2012-07-03,121.32682621088028
2012-07-04,122.14688117446816
2012-07-05,120.92487929881206
2012-07-06,120.68182583649222
2012-07-09,120.5106156536297
2012-07-10,119.36192349598207
2012-07-11,117.79549715891142
2012-07-12,118.06525949721673
2012-07-13,117.84592369269421
2012-07-16,119.59136725488733
2012-07-17,120.29874167694229
2012-07-18,121.09647329880443
2012-07-19,121.99900202019565
2012-07-20,121.87275784434395
2012-07-23,122.6281775026447
2012-07-24,122.8555374940522
2012-07-25,123.43648548216049
2012-07-26,122.83023702182399
2012-07-27,122.29674601646552
2012-07-30,121.63627293578895
2012-07-31,121.2588880589398
2012-08-01,123.32950790692097
2012-08-02,123.10844158712611
2012-08-03,123.26724075406203
2012-08-06,123.36436242002442
2012-08-07,124.64855525842738
2012-08-08,124.73721525748454
2012-08-09,126.032926589037
2012-08-10,125.45152055983917
2012-08-13,124.52885437798935
2012-08-14,123.92619408973205
2012-08-15,123.84507420872983
2012-08-16,123.41015184814611
2012-08-17,123.6577219854318
2012-08-20,125.84123827439353
2012-08-21,125.49448331313464
2012-08-22,126.48993958536172
2012-08-23,126.63666061926122
2012-08-24,127.23991011102076
2012-08-27,127.06867537388979
2012-08-28,126.3045567868388
2012-08-29,126.78782021959452
2012-08-30,127.4555301299233
2012-08-31,125.51744144586998
2012-09-03,125.43100801384183
2012-09-04,123.74163333672313
2012-09-05,125.51465442021343
2012-09-06,127.04626808039392
2012-09-07,127.98875009247513
2012-09-10,128.49758578619418
2012-09-11,128.25340403978305
2012-09-12,128.20814065581237
2012-09-13,128.29016546374464
2012-09-14,130.59627834673552
2012-09-17,130.07047158587827
2012-09-18,130.87272584921428
2012-09-19,130.29502184263694
2012-09-20,131.07138922897684
2012-09-21,129.78942264439956
2012-09-24,131.4920014589838
2012-09-25,132.81183197983177
2012-09-26,132.47115016505958
2012-09-27,132.23167880645747
2012-09-28,131.28490368393483
2012-10-01,131.4768411721436
2012-10-02,131.5473791653367
2012-10-03,131.82433665937876
2012-10-04,131.21078432687966
2012-10-05,132.48071460431507
2012-10-08,131.51614101093924
2012-10-09,133.35794921020175
2012-10-10,133.87227710532093
2012-10-11,132.6958666390831
2012-10-12,134.31338828159784
2012-10-15,134.2788071868686
2012-10-16,133.48682744586796
2012-10-17,132.50072467493368
2012-10-18,132.19151128447064
2012-10-19,131.5903095129206
2012-10-22,133.40938114255016
2012-10-23,133.3835440844747
2012-10-24,131.74526785555068
2012-10-25,133.73926296098514
2012-10-26,132.6909529797217
2012-10-29,132.79163059653328
2012-10-30,132.5229257209332
2012-10-31,131.01860163805875
2012-11-01,129.42685547206975
2012-11-02,128.88656705600343
2012-11-05,128.9555482724635
2012-11-06,130.2865874898144
2012-11-07,129.9977434161254
2012-11-08,131.1412227151956
2012-11-09,132.3243736832127
2012-11-12,132.3680123942037
2012-11-13,132.60292486310723
2012-11-14,133.2602754947974
2012-11-15,132.05764404374355
2012-11-16,131.8989950654393
2012-11-19,130.04431818569395
2012-11-20,130.92581422740508
2012-11-21,129.8630307040648
2012-11-22,129.3563807681369
2012-11-23,130.49909701091707
2012-11-26,131.95227168653565
2012-11-27,132.9237516011623
2012-11-28,133.27665958426417
2012-11-29,135.88595491005643
2012-11-30,137.52960343190236
2012-12-03,139.59498092743624
2012-12-04,140.52205105528938
2012-12-05,139.86365713802195
2012-12-06,139.95674227575574
2012-12-07,138.0050133646472
2012-12-10,137.47483403953487
2012-12-11,138.16784831936627
2012-12-12,138.41441145437915
2012-12-13,138.76338378202954
2012-12-14,136.8871180341003
2012-12-17,136.2281510000686
2012-12-18,137.04956858054982
2012-12-19,135.91881948874746
2012-12-20,134.92689357741486
2012-12-21,137.51025870447936
2012-12-24,136.34941470882816
2012-12-25,135.54098394928832
2012-12-26,135.76037563974305
2012-12-27,136.14310469499162
2012-12-28,133.92572404980746
2012-12-31,134.5700517857486
2013-01-01,134.61825833789533
2013-01-02,133.77486615753472
2013-01-03,134.71085719754223
2013-01-04,134.78821952833354
2013-01-07,132.79822234127053
2013-01-08,132.4780838523443
2013-01-09,130.8574360540723
2013-01-10,130.2382591819191
2013-01-11,130.4239932201876
2013-01-14,130.95052386643124
2013-01-15,131.6027024595686
2013-01-16,130.596724955679
2013-01-17,131.64458147823484
2013-01-18,131.8733891474488
2013-01-21,129.38058363576474
2013-01-22,128.7417286766686
2013-01-23,128.6047990885268
2013-01-24,128.43191544417624
2013-01-25,129.1537822639615
2013-01-28,128.36132590291538
2013-01-29,130.11508267060668
2013-01-30,130.05563817180393
2013-01-31,129.0463956687099
2013-02-01,131.65144742246423
2013-02-04,130.64612655687495
2013-02-05,130.05875531052732
2013-02-06,128.60876252159173
2013-02-07,128.69642941103766
2013-02-08,128.33366854352727
2013-02-11,129.37161592099892
2013-02-12,128.19320705326976
2013-02-13,127.8045915281079
2013-02-14,128.22673273412036
2013-02-15,128.315114896396
2013-02-18,128.47477777780622
2013-02-19,129.98590801797343
2013-02-20,130.36444447244452
2013-02-21,131.1979223829202
2013-02-22,132.82283521146772
2013-02-25,134.83175321685445
2013-02-26,136.72057091900518
2013-02-27,135.93724311181595
2013-02-28,136.81679684077943
2013-03-01,137.22620016211204
2013-03-04,138.65157704237714
2013-03-05,139.12441813239212
2013-03-06,137.92920049240368
2013-03-07,136.90527034900254
2013-03-08,137.2879648485299
2013-03-11,136.53355769376182
2013-03-12,134.5884943825158
2013-03-13,133.2305348226371
2013-03-14,133.4205385372989
2013-03-15,131.96062818584954
2013-03-18,130.9203539360364
2013-03-19,131.42307079787628
2013-03-20,130.65545412366717
2013-03-21,130.63154236634605
2013-03-22,132.79103613695193
2013-03-25,135.1955707837856
2013-03-26,134.4685068758531
2013-03-27,132.468692534791
2013-03-28,132.79840208503765
2013-03-29,134.93511941653333
2013-04-01,134.904776944621
2013-04-02,133.89773800783377
2013-04-03,133.19420902128275
2013-04-04,133.36766403119836
2013-04-05,133.04946766489286
2013-04-08,131.51155081819337
2013-04-09,131.735500647793
2013-04-10,131.69021082383043
2013-04-11,131.8833222524509
2013-04-12,131.99395197340354
2013-04-15,132.78878729500266
2013-04-16,132.4564678645926
2013-04-17,131.48825748720176
2013-04-18,133.66158939776747
2013-04-19,133.86354550761902
2013-04-22,134.13954817717487
2013-04-23,133.41828124821603
2013-04-24,132.95933875322723
2013-04-25,133.5809826057672
2013-04-26,134.2887096261421
2013-04-29,134.3827169714531
2013-04-30,133.3458677524432
2013-05-01,133.15570068134906
2013-05-02,131.4714913506768
2013-05-03,132.26311083001036
2013-05-06,130.9728849980974
2013-05-07,131.53179624474512
2013-05-08,129.42636238864094
2013-05-09,129.62957357023774
2013-05-10,128.87729570390738
2013-05-13,129.08844810741945
2013-05-14,131.1023497486712
2013-05-15,131.49034231156529
2013-05-16,132.44177679356605
2013-05-17,132.11931726781953
2013-05-20,131.1965924157754
2013-05-21,130.4127013124495
2013-05-22,129.7572349942112
2013-05-23,130.2994719295797
2013-05-24,131.51041586989686
2013-05-27,132.0178025465936
2013-05-28,132.42211615831084
2013-05-29,133.55772525298894
2013-05-30,133.20122817586994
2013-05-31,133.2857457267157
2013-06-03,133.50161194580227
2013-06-04,134.16478256364164
2013-06-05,136.02492067108864
2013-06-06,135.39733533229676
2013-06-07,135.7370806562585
2013-06-10,136.33739577149626
2013-06-11,133.83530340942502
2013-06-12,136.56350330371444
2013-06-13,136.80870115425375
2013-06-14,135.79946386816255
2013-06-17,135.90312602131436
2013-06-18,136.89352973749206
2013-06-19,137.4946160548823
2013-06-20,139.1503366457427
2013-06-21,139.6150271537899
2013-06-24,141.06273459257574
2013-06-25,141.870839370262
2013-06-26,143.0716896424335
2013-06-27,144.04424433135156
2013-06-28,142.87997760296184
2013-07-01,141.297887699419
2013-07-02,142.00864630511427
2013-07-03,141.47726944708273
2013-07-04,142.1107602652622
2013-07-05,140.70155294128
2013-07-08,140.28099432738716
2013-07-09,139.5616028399486
2013-07-10,139.2765004933323
2013-07-11,139.70583449180577
2013-07-12,139.91165749465216
2013-07-15,141.30605353562947
2013-07-16,142.452848027081
2013-07-17,141.34335411965563
2013-07-18,143.0553813150285
2013-07-19,141.99879313516348
2013-07-22,141.41677117405226
2013-07-23,140.68598515153167
2013-07-24,139.18276941417102
2013-07-25,139.61485401175148
2013-07-26,139.16873169264252
2013-07-29,139.44745446066557
2013-07-30,139.42007314853757
2013-07-31,139.3587787194429
2013-08-01,140.00390794713798
2013-08-02,139.15789979004515
2013-08-05,139.78101802342923
2013-08-06,140.63927885245025
2013-08-07,141.2582905523925
2013-08-08,140.63776314818546
2013-08-09,142.09361528718523
2013-08-12,141.83310927033645
2013-08-13,141.46646487696827
2013-08-14,142.44782765609216
2013-08-15,139.96724835511856
2013-08-16,138.57694941433613
2013-08-19,138.48389838267514
2013-08-20,137.86688528794005
2013-08-21,137.89734293466103
2013-08-22,138.70950637496068
2013-08-23,140.41894419798206
2013-08-26,141.75707611164407
2013-08-27,141.250813798362
2013-08-28,140.227613989883
2013-08-29,140.72828478135622
2013-08-30,141.62241974414476
2013-09-02,141.3973546491702
2013-09-03,140.87780109044758
2013-09-04,141.5373678292857
2013-09-05,143.80033921404632
2013-09-06,143.17618836122975
2013-09-09,145.42604936981303
2013-09-10,143.25829966948825
2013-09-11,143.55267952313145
2013-09-12,144.66191029983148
2013-09-13,143.22892717793715
2013-09-16,142.91864565007907
2013-09-17,144.98833513054316
2013-09-18,142.8035911478587
2013-09-19,142.07135039766453
2013-09-20,142.40335528617516
2013-09-23,142.2032462639654
2013-09-24,142.1932831024413
2013-09-25,144.09204809925623
2013-09-26,143.1948307027727
2013-09-27,142.44732089879045
2013-09-30,140.46042396743462
2013-10-01,139.33476374937015
2013-10-02,140.33831456011288
2013-10-03,140.45136146437318
2013-10-04,141.18554210766976
2013-10-07,143.5460546752974
2013-10-08,146.00281518766909
2013-10-09,146.26290557138117
2013-10-10,146.42011323731046
2013-10-11,145.48803590661686
2013-10-14,146.17588815211275
2013-10-15,147.9265670048113
2013-10-16,148.37184892808827
2013-10-17,149.78467274882345
2013-10-18,148.88919405967087
2013-10-21,148.56805826311887
2013-10-22,151.03942494870586
2013-10-23,150.29429348624754
2013-10-24,150.5959312900917
2013-10-25,149.64033625559617
2013-10-28,150.74610038410657
2013-10-29,151.2247276095281
2013-10-30,151.69149683394943
2013-10-31,151.95606962815586
2013-11-01,152.2850948772347
2013-11-04,150.93600261468333
2013-11-05,153.09090159329813
2013-11-06,152.844170607264
2013-11-07,150.31725637298527
2013-11-08,151.93320690666826
2013-11-11,152.74010444318947
2013-11-12,152.24579700654863
2013-11-13,151.89062517643384
2013-11-14,151.36226787650045
2013-11-15,151.5800764550998
2013-11-18,149.77947247796862
2013-11-19,147.5791567395838
2013-11-20,145.7718038550613
2013-11-21,146.4243832046411
2013-11-22,146.20577702866206
2013-11-25,144.27289509346735
2013-11-26,141.95178648700946
2013-11-27,141.03562348840182
2013-11-28,139.83339134360827
2013-11-29,138.98088198711608
2013-12-02,138.6097459749305
2013-12-03,136.67059225638954
2013-12-04,137.5667113527841
2013-12-05,137.4525026947401
2013-12-06,135.69793400956792
2013-12-09,134.756786118562
2013-12-10,135.21768581550836
2013-12-11,135.03434230067347
2013-12-12,135.52147152639333
2013-12-13,134.09689477042733
2013-12-16,134.96255109610397
2013-12-17,136.536147724188
2013-12-18,134.6093592844125
2013-12-19,134.17039818230506
2013-12-20,133.93593615173202
2013-12-23,135.0028229778357
2013-12-24,133.73213439791147
2013-12-25,135.70548928484158
2013-12-26,135.85314260105878
2013-12-27,135.51306015313872
2013-12-30,135.36135283793703
2013-12-31,135.72662964779815
2014-01-01,135.40192091531858
2014-01-02,132.4478771137074
2014-01-03,132.86716471066026
2014-01-06,131.00468367846923
2014-01-07,130.2419396796735
2014-01-08,131.9966031414006
2014-01-09,133.8546765532846
2014-01-10,134.58019219328327
2014-01-13,135.88495660353524
2014-01-14,136.4098097701978
2014-01-15,136.99571858454644
2014-01-16,137.1723805723447
2014-01-17,135.6469374931044
2014-01-20,135.38592407764082
2014-01-21,134.2639876758669
2014-01-22,133.7410051396847
2014-01-23,132.50242546144906
2014-01-24,133.27382139350937
2014-01-27,133.9118098875288
2014-01-28,134.54316340850966
2014-01-29,134.36527432159602
2014-01-30,135.1927599418447
2014-01-31,132.54202231732182
2014-02-03,132.97447862802042
2014-02-04,132.70575446677347
2014-02-05,133.5941165122715
2014-02-06,135.4848634173365
2014-02-07,136.78837443601313
2014-02-10,135.83195382459382
2014-02-11,136.40113660723335
2014-02-12,136.889182851906
2014-02-13,137.73678554700155
2014-02-14,136.93086570839748
2014-02-17,136.9960237929588
2014-02-18,136.2273485989043
2014-02-19,135.34075691595646
2014-02-20,135.9311174361067
2014-02-21,135.53836325254375
2014-02-24,135.55121554839698
2014-02-25,137.42487157921136
2014-02-26,137.9731950059271
2014-02-27,137.80750213820664
2014-02-28,138.16154264049172
2014-03-03,135.82841110309118
2014-03-04,136.49933181615472
2014-03-05,137.31639102505045
2014-03-06,139.13017486017242
2014-03-07,139.4001245975507
2014-03-10,139.8249659343557
2014-03-11,140.148990594187
2014-03-12,141.36622858149192
2014-03-13,142.75888872534378
2014-03-14,142.93082938918374
2014-03-17,143.69421460202588
2014-03-18,142.94870516562958
2014-03-19,141.1421715074767
2014-03-20,140.7299649202879
2014-03-21,140.94829743087348
2014-03-24,141.4949195549965
2014-03-25,142.42553987968785
2014-03-26,141.9267516737542
2014-03-27,140.72470449918282
2014-03-28,138.07676883604404
2014-03-31,138.3470965765812
2014-04-01,138.61118727558514
2014-04-02,137.90419701554404
2014-04-03,138.44140193532687
2014-04-04,137.7070645854406
2014-04-07,136.49616273447884
2014-04-08,137.73926288209404
2014-04-09,139.14287329250158
2014-04-10,138.69793320377576
2014-04-11,138.08163807714243
2014-04-14,141.84812915261074
2014-04-15,143.10143604236026
2014-04-16,141.46006473520453
2014-04-17,141.6710080068644
2014-04-18,142.4636720659313
2014-04-21,143.31501990837788
2014-04-22,142.56566328451825
2014-04-23,143.6638803845982
2014-04-24,144.88860739480182
2014-04-25,145.06456389739168
2014-04-28,142.8196995389318
2014-04-29,143.38920535051176
2014-04-30,145.040016441193
2014-05-01,146.0179409243826
2014-05-02,144.72515909617235
2014-05-05,142.99417786410356
2014-05-06,142.75587517118632
2014-05-07,143.84073342469088
2014-05-08,144.57709993035388
2014-05-09,144.89697113616276
2014-05-12,145.5299812076727
2014-05-13,144.26146529112745
2014-05-14,146.98215219048686
2014-05-15,145.58725426964304
2014-05-16,144.59264283794838
2014-05-19,144.86306490566164
2014-05-20,145.03637798389443
2014-05-21,146.70797011776017
2014-05-22,145.72287873779823
2014-05-23,146.34102578980824
2014-05-26,147.2479379700473
2014-05-27,146.05698307817022
2014-05-28,144.39715439730628
2014-05-29,144.47836895287935
2014-05-30,146.78876635669124
2014-06-02,149.77625654037598
2014-06-03,149.82894393191296
2014-06-04,147.93016900359612
2014-06-05,146.61129512516231
2014-06-06,147.86291932610828
2014-06-09,148.5635817085845
2014-06-10,148.01860063425482
2014-06-11,147.9168975446019
2014-06-12,148.5424027491931
2014-06-13,149.51294743642512
2014-06-16,149.83312162431943
2014-06-17,150.74997610745743
2014-06-18,150.79334528995437
2014-06-19,151.48193401761847
2014-06-20,151.0465045565422
2014-06-23,151.01708786805813
2014-06-24,150.21687218349237
2014-06-25,149.1852844851297
2014-06-26,150.30125026559602
2014-06-27,149.55320743042506
2014-06-30,150.44122729379666
2014-07-01,150.3214310358414
2014-07-02,150.3791607103464
2014-07-03,150.05653893844436
2014-07-04,149.01086585266617
2014-07-07,148.3285775744556
2014-07-08,148.4721473579749
2014-07-09,149.01144798533332
2014-07-10,149.17131706307484
2014-07-11,150.1202866870365
2014-07-14,152.01463608448012
2014-07-15,151.32748278760175
2014-07-16,153.04972338027102
2014-07-17,151.8277310619509
2014-07-18,151.07858227377972
2014-07-21,149.16859056952077
2014-07-22,150.32011958748808
2014-07-23,151.56517228710132
2014-07-24,150.20601839677792
2014-07-25,151.42538532494981
2014-07-28,151.26285479420864
2014-07-29,151.905492236029
2014-07-30,151.53275321624452
2014-07-31,150.6364677703192
2014-08-01,150.5831278421746
2014-08-04,149.93192700213228
2014-08-05,149.75333221378037
2014-08-06,151.1822281564166
2014-08-07,152.6104949182833
2014-08-08,153.19277338428822
2014-08-11,152.40614336970754
2014-08-12,151.07436623659683
2014-08-13,149.72769228006456
2014-08-14,147.377088401819
2014-08-15,147.70341960273555
2014-08-18,147.63751704786895
2014-08-19,146.41639226095543
2014-08-20,145.47707203824066
2014-08-21,144.6385061873654
2014-08-22,145.88094424567154
2014-08-25,147.3443897449771
2014-08-26,147.29597227768673
2014-08-27,145.89660061814578
2014-08-28,146.6218536206632
2014-08-29,147.6751083686586
2014-09-01,149.05547054870328
2014-09-02,146.82465700949615
2014-09-03,146.9968678648042
2014-09-04,148.83157808711536
2014-09-05,148.7966398409231
2014-09-08,149.0906860745116
2014-09-09,148.02097265188928
2014-09-10,145.6594248076638
2014-09-11,145.14370932666037
2014-09-12,142.6490747364622
2014-09-15,143.19903466742238
2014-09-16,145.32497498174592
2014-09-17,146.82448425240912
2014-09-18,145.52157876893347
2014-09-19,143.10376494885756
2014-09-22,142.86898394813255
2014-09-23,142.97591185614397
2014-09-24,142.31608845120664
2014-09-25,143.3622157562756
2014-09-26,143.60689169707015
2014-09-29,143.27044668290944
2014-09-30,143.61568441127216
2014-10-01,144.52024972291525
2014-10-02,144.9664252302576
2014-10-03,145.99790223498408
2014-10-06,145.06657728448985
2014-10-07,145.9436371342715
2014-10-08,147.18362184541587
2014-10-09,149.2478251727444
2014-10-10,148.41846581436056
2014-10-13,148.0538629293911
2014-10-14,148.39140466665967
2014-10-15,147.72126853661297
2014-10-16,146.70947172687
2014-10-17,146.68241133729208
2014-10-20,145.5355407587937
2014-10-21,147.59677214893364
2014-10-22,147.20548749450663
2014-10-23,146.56141939903625
2014-10-24,148.2182158975445
2014-10-27,149.3910553804601
2014-10-28,148.91443079991845
2014-10-29,149.5768620091437
2014-10-30,151.13866916358037
2014-10-31,150.15625521281137
2014-11-03,149.7631925893055
2014-11-04,149.3094489823013
2014-11-05,148.39315247404423
2014-11-06,148.77753959040524
2014-11-07,148.52445525859775
2014-11-10,147.04197680574575
2014-11-11,146.68723549763033
2014-11-12,147.81858176449546
2014-11-13,147.67526094253503
2014-11-14,148.1007318592154
2014-11-17,147.68988971357575
2014-11-18,149.65256408405367
2014-11-19,149.06587105513046
2014-11-20,146.9482685524119
2014-11-21,146.94224513125474
2014-11-24,143.78711267258623
2014-11-25,143.47775951614196
2014-11-26,143.650128676961
2014-11-27,144.2329970928465
2014-11-28,144.8139886597007
2014-12-01,145.94385198779608
2014-12-02,147.09724091509432
2014-12-03,147.2705430416999
2014-12-04,147.68391512219355
2014-12-05,147.951635538042
2014-12-08,146.78522810273677
2014-12-09,147.0644763315297
2014-12-10,147.21145593658989
2014-12-11,146.4301631871246
2014-12-12,143.50799625466007
2014-12-15,142.3716974625991
2014-12-16,145.66277563173588
2014-12-17,147.93663424617435
2014-12-18,145.09567541366505
2014-12-19,144.68435875242085
2014-12-22,145.49899931245383
2014-12-23,146.01571278979821
2014-12-24,145.12632498246353
2014-12-25,143.46739710583265
2014-12-26,144.7461970622912
2014-12-29,145.6435386973131
2014-12-30,144.7203770568783
2014-12-31,144.2452283705072
2015-01-01,144.92370061781122
2015-01-02,144.44307478029975
2015-01-05,145.51740328776327
2015-01-06,147.65820488422125
2015-01-07,147.8065773865433
2015-01-08,148.21039587869427
2015-01-09,148.95940456211062
2015-01-12,148.33767668913632
2015-01-13,149.49766143873
2015-01-14,149.51127243630862
2015-01-15,149.02478331622993
2015-01-16,150.0152576957594
2015-01-19,152.56419140803507
2015-01-20,152.64485664609418
2015-01-21,150.9396106081789
2015-01-22,151.3313734697231
2015-01-23,151.15030382602706
2015-01-26,151.13710713496812
2015-01-27,149.766632204204
2015-01-28,150.25862136459324
2015-01-29,151.8579846776611
2015-01-30,150.9660918966027
2015-02-02,149.14374369602956
2015-02-03,150.8505429729463
2015-02-04,150.78976616354296
2015-02-05,150.87452475331554
2015-02-06,150.26225463572106
2015-02-09,147.955248294431
2015-02-10,148.3841306763304
2015-02-11,146.7366540828652
2015-02-12,144.94247302685412
2015-02-13,143.14009389560897
2015-02-16,143.24765373263145
2015-02-17,144.12686471098058
2015-02-18,145.13446154980488
2015-02-19,145.04556252705794
2015-02-20,146.57959584485866
2015-02-23,145.31959181261064
2015-02-24,146.29522667155
2015-02-25,145.25535259715832
2015-02-26,146.88684567508946
2015-02-27,147.53265213974393
2015-03-02,147.7286799310241
2015-03-03,148.4914392114702
2015-03-04,148.39778845320797
2015-03-05,148.77145334414837
2015-03-06,147.88973725436452
2015-03-09,149.91108161672307
2015-03-10,149.22735349837302
2015-03-11,150.6335055407256
2015-03-12,151.48206045695812
2015-03-13,151.84868041292364
2015-03-16,151.8575054114221
2015-03-17,153.1020896576074
2015-03-18,151.7680187035613
2015-03-19,153.55503218486902
2015-03-20,154.8150536483302
2015-03-23,157.94536609132425
2015-03-24,157.97765026203035
2015-03-25,158.12874735429418
2015-03-26,159.58239132518267
2015-03-27,161.71226984909492
2015-03-30,161.70456045173276
2015-03-31,161.45289519030922
2015-04-01,162.0473120878387
2015-04-02,161.89413489838836
2015-04-03,163.15863856647638
2015-04-06,163.64238613172702
2015-04-07,165.86103920140317
2015-04-08,165.70472290766443
2015-04-09,166.16322867776842
2015-04-10,167.45843182079454
2015-04-13,166.63983659836018
2015-04-14,165.389627629162
2015-04-15,167.98935122776308
2015-04-16,165.92069471787138
2015-04-17,164.62746866201263
2015-04-20,161.8159080421202
2015-04-21,162.80239647670166
2015-04-22,163.42069276149763
2015-04-23,160.214996571013
2015-04-24,160.9501444599538
2015-04-27,162.50364808072482
2015-04-28,160.03490821398418
2015-04-29,160.41378537557893
2015-04-30,162.79508847380933
2015-05-01,161.7838897342501
2015-05-04,160.13395414250982
2015-05-05,159.34820062187268
2015-05-06,160.99128758728918
2015-05-07,161.45032589212806
2015-05-08,163.17879301280203
2015-05-11,162.14561578323253
2015-05-12,162.84143485916812
2015-05-13,161.83752262726344
2015-05-14,162.61920175826776
2015-05-15,163.38410576421225
2015-05-18,162.5669577858569
2015-05-19,163.3800533883824
2015-05-20,161.19170480139275
2015-05-21,160.0479198181478
2015-05-22,159.9950305585079
2015-05-25,160.92768273455425
2015-05-26,159.14766400553512
2015-05-27,157.80195188146982
2015-05-28,158.7139385345689
2015-05-29,159.22817454964047
2015-06-01,159.25733716397423
2015-06-02,159.92243316708584
2015-06-03,159.8389377081305
2015-06-04,162.34102773547073
2015-06-05,163.93647610652724
2015-06-08,163.87618304733314
2015-06-09,164.2931904449811
2015-06-10,165.95112779235
2015-06-11,164.97133712664547
2015-06-12,164.25097514367422
2015-06-15,165.8803161151263
2015-06-16,164.60997540684352
2015-06-17,163.2353212747455
2015-06-18,166.12418700507445
2015-06-19,167.87723763156922
2015-06-22,167.75121326953098
2015-06-23,169.9945380920647
2015-06-24,168.29691345660703
2015-06-25,166.47867598125637
2015-06-26,165.31619995948452
2015-06-29,166.139319063127
2015-06-30,166.65841537773943
2015-07-01,166.7263621747915
2015-07-02,168.38273653250246
2015-07-03,167.71929822200144
2015-07-06,166.7902537009511
2015-07-07,167.1989810876957
2015-07-08,166.28137151559756
2015-07-09,167.18839068821435
2015-07-10,166.64342652022506
2015-07-13,167.64022292626365
2015-07-14,169.20230778479313
2015-07-15,172.80608114087994
2015-07-16,172.4246318726647
2015-07-17,169.46359792162363
2015-07-20,168.84118193671952
2015-07-21,170.59732771375963
2015-07-22,169.35548061870944
2015-07-23,166.03835784779778
2015-07-24,167.3355750597782
2015-07-27,164.25036314541973
2015-07-28,162.9447740580844
2015-07-29,162.56314105302255
2015-07-30,163.85270304895076
2015-07-31,165.4829418827088
2015-08-03,164.06300308722265
2015-08-04,165.15141755893143
2015-08-05,166.2174527232306
2015-08-06,166.0768363507195
2015-08-07,166.1636429945282
2015-08-10,168.0903008973541
2015-08-11,168.5999798823019
2015-08-12,168.6122492579683
2015-08-13,171.07597674545156
2015-08-14,169.58968153319782
2015-08-17,169.60597994178252
2015-08-18,167.07244749297513
2015-08-19,166.1687886233743
2015-08-20,163.93846163653285
2015-08-21,162.38419320019247
2015-08-24,161.87940103290273
2015-08-25,163.43141637302298
2015-08-26,164.91037737724184
2015-08-27,166.1151571165925
2015-08-28,166.6416053789844
2015-08-31,167.3941518296709
2015-09-01,169.1604599221342
2015-09-02,169.5764531754096
2015-09-03,168.2826440740434
2015-09-04,169.10851807100465
2015-09-07,168.64242519868148
2015-09-08,169.39734452351
2015-09-09,169.32382473367656
2015-09-10,167.88808190213865
2015-09-11,166.43384190301705
2015-09-14,165.1591411865977
2015-09-15,166.7832705289318
2015-09-16,165.70832850042277
2015-09-17,164.99099842590462
2015-09-18,163.93732177781766
2015-09-21,164.53643003508918
2015-09-22,163.57586272178614
2015-09-23,161.3269474497737
2015-09-24,160.72137284263124
2015-09-25,162.5282562180297
2015-09-28,162.29256108059408
2015-09-29,163.80057817360301
2015-09-30,162.86154665634928
2015-10-01,162.60306997476982
2015-10-02,163.10527942440413
2015-10-05,164.5044255258458
2015-10-06,165.0162078731232
2015-10-07,165.71992049914934
2015-10-08,168.0767175980756
2015-10-09,168.64414936900192
2015-10-12,166.99894094454845
2015-10-13,167.99553954160749
2015-10-14,166.69645043699407
2015-10-15,169.72688916460302
2015-10-16,171.57880543488156
2015-10-19,169.46212359682184
2015-10-20,168.86662582010308
2015-10-21,171.12550554681127
2015-10-22,171.68505055352605
2015-10-23,170.8853014969327
2015-10-26,172.1285031528724
2015-10-27,174.10663676568058
2015-10-28,174.5802203678612
2015-10-29,173.7289891634334
2015-10-30,172.995311546256
2015-11-02,173.51394012284848
2015-11-03,175.63915417189776
2015-11-04,176.15874096732384
2015-11-05,175.70463222744118
2015-11-06,177.4912127970583
2015-11-09,176.85078493580593
2015-11-10,178.48707177283728
2015-11-11,178.9782369057849
2015-11-12,178.57101745627483
2015-11-13,179.27702368103067
2015-11-16,179.9863892351718
2015-11-17,182.54070995119625
2015-11-18,184.70140719116864
2015-11-19,184.61617453126976
2015-11-20,185.16037091605617
2015-11-23,186.35758494840863
2015-11-24,186.08270835339388
2015-11-25,185.20540602951993
2015-11-26,187.40019386638977
2015-11-27,191.53118515893908
2015-11-30,189.4714191623617
2015-12-01,190.34789854060003
2015-12-02,190.48947254239604
2015-12-03,189.24280000852727
2015-12-04,186.7625800637981
2015-12-07,184.04848149802226
2015-12-08,182.9097359031265
2015-12-09,184.4196882248806
2015-12-10,182.21803081824845
2015-12-11,182.40890556323578
2015-12-14,183.40939844684286
2015-12-15,183.80756821858583
2015-12-16,184.54325632823475
2015-12-17,185.91712237219306
2015-12-18,186.6050197098487
2015-12-21,185.95544399497456
2015-12-22,185.47092993834232
2015-12-23,183.3133908156357
2015-12-24,183.81638523758667
2015-12-25,184.6787597789447
2015-12-28,181.5944355728006
2015-12-29,182.19429199789562
2015-12-30,183.9045078114805
2015-12-31,182.52314704673358
2016-01-01,184.52037037436483
2016-01-04,182.1602702406838
2016-01-05,180.7243020406575
2016-01-06,184.8786720794395
2016-01-07,184.79886712962644
2016-01-08,185.2008838971911
2016-01-11,188.36773074490625
2016-01-12,188.50382876007498
2016-01-13,190.40602748314998
2016-01-14,191.184914885239
2016-01-15,191.82036279294869
2016-01-18,192.2185573390011
2016-01-19,192.99298921164512
2016-01-20,193.2046656453523
2016-01-21,195.57835454970532
2016-01-22,195.83896940060717
2016-01-25,195.4195363799811
2016-01-26,196.1300621548161
2016-01-27,197.5752191030564
2016-01-28,196.22878317564545
2016-01-29,195.6209143886464
2016-02-01,194.76286227327623
2016-02-02,192.3847894378915
2016-02-03,193.58386620724534
2016-02-04,191.1940412621853
2016-02-05,189.71232618493622
2016-02-08,189.437365376848
2016-02-09,188.74478167065703
2016-02-10,188.75520827182183
2016-02-11,189.6289670086694
2016-02-12,184.98199848723678
2016-02-15,184.29493391958871
2016-02-16,184.81398525660944
2016-02-17,184.99510209305083
2016-02-18,185.93780984102753
2016-02-19,184.42231844225208
2016-02-22,183.36214369775462
2016-02-23,183.52920109261999
2016-02-24,186.1434465075737
2016-02-25,188.3173997302749
2016-02-26,188.16012464188026
2016-02-29,189.41674725150648
2016-03-01,188.18199441548853
2016-03-02,188.48703281705727
2016-03-03,189.43026106658337
2016-03-04,189.2497461544505
2016-03-07,188.5637920103671
2016-03-08,187.98903143947982
2016-03-09,187.1893068733835
2016-03-10,188.08393325242886
2016-03-11,187.95265998155125
2016-03-14,190.47294656361302
2016-03-15,189.63088581156612
2016-03-16,190.207096367439
2016-03-17,190.28937048873124
2016-03-18,190.99626651456555
2016-03-21,189.3356791415411
2016-03-22,189.67805892857172
2016-03-23,190.56472725641942
2016-03-24,189.92810753449666
2016-03-25,192.17071739158638
2016-03-28,192.51397905587405
2016-03-29,192.8273430935729
2016-03-30,193.3958523532757
2016-03-31,191.40900065313483
2016-04-01,193.77114459457246
2016-04-04,195.99050191705294
2016-04-05,196.08050889132113
2016-04-06,196.58570928787933
2016-04-07,197.4859480180917
2016-04-08,196.4797290419104
2016-04-11,197.2235736887063
2016-04-12,199.16704535861527
2016-04-13,199.96859747203186
2016-04-14,197.8453290802917
2016-04-15,198.46629410043784
2016-04-18,201.52172103613896
2016-04-19,203.52476451165097
2016-04-20,201.05003649220424
2016-04-21,202.3368010003014
2016-04-22,201.38862988833083
2016-04-25,203.38164978651338
2016-04-26,203.25737853875836
2016-04-27,204.5889659535284
2016-04-28,201.57813901278047
2016-04-29,202.26612705904233
2016-05-02,198.54501940323252
2016-05-03,198.9467815282246
2016-05-04,199.81754025094165
2016-05-05,200.14390224477899
2016-05-06,200.29826344949404
2016-05-09,197.77282010042694
2016-05-10,197.50780493108792
2016-05-11,199.96150589031717
2016-05-12,198.24732596944855
2016-05-13,198.9023863215794
2016-05-16,201.0967890302795
2016-05-17,201.29335153123515
2016-05-18,199.23873300619698
2016-05-19,200.25202371977744
2016-05-20,201.8476692088044
2016-05-23,200.78986952842433
2016-05-24,199.14547812524884
2016-05-25,198.2692474736968
2016-05-26,197.48286036404366
2016-05-27,197.33861761102972
2016-05-30,192.10046486136116
2016-05-31,192.77637008768954
2016-06-01,193.84330979005156
2016-06-02,196.04338798798162
2016-06-03,195.6716910682951
2016-06-06,196.03168457816335
2016-06-07,197.82886650779045
2016-06-08,201.01013568424793
2016-06-09,201.93246727628238
2016-06-10,205.5450583985587
2016-06-13,206.2378831506924
2016-06-14,207.67058267910684
2016-06-15,210.95999035556977
2016-06-16,211.5069366284028
2016-06-17,212.5731457637611
2016-06-20,215.04430285164085
2016-06-21,216.94394712335475
2016-06-22,213.7737223085676
2016-06-23,212.77857184530612
2016-06-24,214.19770833955369
2016-06-27,212.15335879728534
2016-06-28,212.22081662347856
2016-06-29,213.71938943349033
2016-06-30,216.3111080176521
2016-07-01,214.8224238545407
2016-07-04,214.55283057004686
2016-07-05,214.98145239596647
2016-07-06,216.2563831271278
2016-07-07,217.82151165481366
2016-07-08,219.99668590841014
2016-07-11,218.52551350279964
2016-07-12,216.84086279712264
2016-07-13,215.21139160288664
2016-07-14,214.36143058666542
2016-07-15,218.03831001905803
2016-07-18,217.1640741062202
2016-07-19,215.4856119629212
2016-07-20,214.0790416691479
2016-07-21,213.61344962623127
2016-07-22,212.3360398493615
2016-07-25,213.3768344607448
2016-07-26,215.23557957243708
2016-07-27,212.9070347255436
2016-07-28,211.52932451114177
2016-07-29,212.39394728676558
2016-08-01,210.68578291829573
2016-08-02,214.19236292185374
2016-08-03,216.86588234964583
2016-08-04,213.37001568984283
2016-08-05,211.33362926214153
2016-08-08,213.1177826884861
2016-08-09,212.08851216914408
2016-08-10,211.19041933142668
2016-08-11,209.28853757766976
2016-08-12,211.2049215064542
2016-08-15,210.94295652512517
2016-08-16,210.52445191758392
2016-08-17,208.84120077848385
2016-08-18,208.89861206647348
2016-08-19,211.15791495316293
2016-08-22,209.95341398515524
2016-08-23,211.257712708047
2016-08-24,211.1868647563412
2016-08-25,210.14405302686416
2016-08-26,208.8519278883202
2016-08-29,209.19182781310312
2016-08-30,207.93114389453652
2016-08-31,208.81827312805265
2016-09-01,207.44463432285167
2016-09-02,211.05971109873155
2016-09-05,210.84529321740547
2016-09-06,211.6309157748995
2016-09-07,211.61348825199738
2016-09-08,212.86585316190622
2016-09-09,211.55370816254043
2016-09-12,211.507982825602
2016-09-13,211.1459234213707
2016-09-14,213.19937215572656
2016-09-15,213.09666362084397
2016-09-16,212.48477600796684
2016-09-19,213.58394795936255
2016-09-20,210.16871041534495
2016-09-21,209.04623225694286
2016-09-22,208.8486914085682
2016-09-23,208.25716732902976
2016-09-26,209.17291745034166
2016-09-27,208.4284690993877
2016-09-28,207.0611620607808
2016-09-29,206.06055721180923
2016-09-30,205.52592485507546
2016-10-03,206.21415700890788
2016-10-04,205.30030489533905
2016-10-05,204.79976383237675
2016-10-06,200.81720843721428
2016-10-07,201.0333452279084
2016-10-10,202.0263163282671
2016-10-11,204.21852572169357
2016-10-12,203.4629072346372
2016-10-13,207.87283778163638
2016-10-14,209.70726116346407
2016-10-17,207.53363125387705
2016-10-18,204.87992624278556
2016-10-19,204.4058537920597
2016-10-20,204.09776064516785
2016-10-21,207.13121667029935
2016-10-24,207.55090606692877
2016-10-25,207.45365428634446
2016-10-26,206.43233519074764
2016-10-27,204.3748355803937
2016-10-28,203.7491585991733
2016-10-31,201.98132005674717
2016-11-01,202.19636303167454
2016-11-02,203.20652341275536
2016-11-03,204.14031244674234
2016-11-04,203.80609090792
2016-11-07,205.5783182960866
2016-11-08,204.62301338124496
2016-11-09,203.13805094236267
2016-11-10,201.25266598690072
2016-11-11,202.56721653618334
2016-11-14,201.88746857081026
2016-11-15,202.37570834267706
2016-11-16,203.11006464289986
2016-11-17,202.88324390039278
2016-11-18,203.77555600986778
2016-11-21,204.93446922047443
2016-11-22,205.32037833404337
2016-11-23,204.45007979126441
2016-11-24,205.64806747595253
2016-11-25,206.15344952011733
2016-11-28,207.57378275179082
2016-11-29,206.9647301554412
2016-11-30,206.80090092305718
2016-12-01,207.03605286757903
2016-12-02,207.5235770627796
2016-12-05,210.8545640572999
2016-12-06,212.86672283699647
2016-12-07,212.94293824110161
2016-12-08,212.20724594804196
2016-12-09,214.1647841666245
2016-12-12,217.60918040027332
2016-12-13,219.19611068990775
2016-12-14,218.93903680082394
2016-12-15,218.14191228432338
2016-12-16,217.0685042157983
2016-12-19,219.25660306855113
2016-12-20,220.67405012472076
2016-12-21,220.93759761770175
2016-12-22,219.3086016071457
2016-12-23,219.03117538041693
2016-12-26,221.156394733827
2016-12-27,220.4861927573735
2016-12-28,218.86261925427974
2016-12-29,217.64420376300802
2016-12-30,219.84326191271032
2017-01-02,221.265374139292
2017-01-03,222.99263097224548
2017-01-04,222.01079945624608
2017-01-05,222.19003305188897
2017-01-06,222.5518912439818
2017-01-09,219.8347687414831
2017-01-10,219.55687229608145
2017-01-11,219.79208965540624
2017-01-12,218.90530885709666
2017-01-13,219.6397753584708
2017-01-16,218.85794758637567
2017-01-17,217.66106773405616
2017-01-18,216.95219933473294
2017-01-19,217.55375254958773
2017-01-20,215.7916452898053
2017-01-23,217.0353951963343
2017-01-24,216.92932473619
2017-01-25,216.34881698453182
2017-01-26,214.26128324228895
2017-01-27,212.91609375435107
2017-01-30,212.91170463462552
2017-01-31,213.84988817469562
2017-02-01,216.4377124579834
2017-02-02,215.12415980406794
2017-02-03,214.49312997949664
2017-02-06,214.2793429960962
2017-02-07,214.16409244478376
2017-02-08,216.43094138532265
2017-02-09,218.2088550773193
2017-02-10,219.7685966897668
2017-02-13,220.17559910823704
2017-02-14,222.56171216589834
2017-02-15,222.8391452356862
2017-02-16,224.75515571675055
2017-02-17,224.54113827506768
2017-02-20,223.42506545393692
2017-02-21,223.6015555675094
2017-02-22,224.37072551648814
2017-02-23,224.08582979598296
2017-02-24,225.0048169090301
2017-02-27,225.72280858643404
2017-02-28,227.0499964844412
2017-03-01,227.1160357609937
2017-03-02,225.00343439988245
2017-03-03,230.94955563009384
2017-03-06,234.2787700771835
2017-03-07,235.78076308794826
2017-03-08,234.4972429528592
2017-03-09,233.89597901771984
2017-03-10,233.17017834314277
2017-03-13,231.66647456355682
2017-03-14,233.25447704836026
2017-03-15,232.41314858431318
2017-03-16,233.45630003282056
2017-03-17,235.29816177932165
2017-03-20,234.71347615042924
2017-03-21,235.59022965719555
2017-03-22,236.34023599672665
2017-03-23,237.5086813117384
2017-03-24,236.7649527820178
2017-03-27,234.37870294337264
2017-03-28,237.53528529172604
2017-03-29,235.2565721245976
2017-03-30,239.46626660165467
2017-03-31,242.26267930102287
2017-04-03,238.9640017390449
2017-04-04,242.20617003816622
2017-04-05,242.11011958949146
2017-04-06,242.74585719254026
2017-04-07,244.2322952958075
2017-04-10,243.4514117268187
2017-04-11,244.37592165527192
2017-04-12,244.16178943644792
2017-04-13,244.82198849089812
2017-04-14,245.41719630364906
2017-04-17,246.16621767333635
2017-04-18,242.7492597408731
2017-04-19,242.10730032292932
2017-04-20,242.4481244607926
2017-04-21,243.4391122299607
2017-04-24,245.57895613212332
2017-04-25,244.13491205850812
2017-04-26,245.5756943599816
2017-04-27,245.71906105299587
2017-04-28,246.71695685573653
2017-05-01,245.04949978622554
2017-05-02,242.65795750269112
2017-05-03,242.54604028146565
2017-05-04,244.80234345874266
2017-05-05,244.99494758696358
2017-05-08,243.04201861871434
2017-05-09,244.83016154050233
2017-05-10,243.47401980608515
2017-05-11,245.72182239573053
2017-05-12,246.2740934380689
2017-05-15,244.95781637383507
2017-05-16,244.81599290253962
2017-05-17,246.28113924678968
2017-05-18,244.9193996925589
2017-05-19,245.46568159713001
2017-05-22,244.94321551053142
2017-05-23,246.67859948888628
2017-05-24,247.8602360320747
2017-05-25,248.54543048560322
2017-05-26,242.497557424205
2017-05-29,242.54165781642806
2017-05-30,243.21719554774023
2017-05-31,241.93720619960627
2017-06-01,245.65615062075793
2017-06-02,245.31030325201644
2017-06-05,247.23244671959347
2017-06-06,245.78425849468078
2017-06-07,248.53499428144082
2017-06-08,249.2395929427015
2017-06-09,251.3658049075998
2017-06-12,251.80643882324185
2017-06-13,252.7921992510105
2017-06-14,254.35104515372296
2017-06-15,253.13749541917608
2017-06-16,250.02239686027704
2017-06-19,249.32644507473606
2017-06-20,249.08650427322078
2017-06-21,249.3733798186673
2017-06-22,251.3780918947772
2017-06-23,253.40649454666416
2017-06-26,253.3529024962664
2017-06-27,252.4387020885174
2017-06-28,253.93454676632751
2017-06-29,254.1533531427245
2017-06-30,253.78619479813827
2017-07-03,254.42087293996445
2017-07-04,251.74942758829286
2017-07-05,252.80053381677146
2017-07-06,252.46993853690708
2017-07-07,248.8752967057098
2017-07-10,251.32815330474028
2017-07-11,250.69704656676112
2017-07-12,252.70121433426428
2017-07-13,255.87470428000105
2017-07-14,261.1147678934223
2017-07-17,255.3985790439197
2017-07-18,256.02925468117814
2017-07-19,255.8028097235046
2017-07-20,253.18130438396213
2017-07-21,253.9843994847681
2017-07-24,256.6405022849468
2017-07-25,253.94825627209408
2017-07-26,255.62861239338469
2017-07-27,257.76534561358255
2017-07-28,259.4021372043992
2017-07-31,259.65469307005856
2017-08-01,260.89977051023624
2017-08-02,258.28906960650284
2017-08-03,258.47671633352877
2017-08-04,260.3099732045876
2017-08-07,259.88046347091154
2017-08-08,260.41698835471976
2017-08-09,260.43099340778
2017-08-10,259.9930586101758
2017-08-11,259.0755229161893
2017-08-14,261.5082039768978
2017-08-15,261.4249671135774
2017-08-16,261.4453178511503
2017-08-17,257.80748643749286
2017-08-18,258.1112806684689
2017-08-21,258.1878446092447
2017-08-22,255.30267366330492
2017-08-23,259.6812043082812
2017-08-24,259.3556440039467
2017-08-25,260.2092505592226
2017-08-28,258.26983728339076
2017-08-29,259.1816925823637
2017-08-30,256.4800776917069
2017-08-31,255.77236611323687
2017-09-01,255.36363537138675
2017-09-04,254.67772224626253
2017-09-05,250.10102114001862
2017-09-06,251.8424032032438
2017-09-07,254.0595651125197
2017-09-08,253.79393396002484
2017-09-11,254.78288112673678
2017-09-12,253.13548905220884
2017-09-13,251.17548551724008
2017-09-14,248.6509245946501
2017-09-15,251.75933834204955
2017-09-18,248.05601567037897
2017-09-19,245.65902907687823
2017-09-20,245.94596668828146
2017-09-21,245.29114485705134
2017-09-22,247.2062289880372
2017-09-25,252.10591637211027
2017-09-26,253.57601658007138
2017-09-27,251.74222574816514
2017-09-28,250.95934425868938
2017-09-29,255.00809310438513
2017-10-02,254.95196136477395
2017-10-03,253.56460979687748
2017-10-04,250.22276514918536
2017-10-05,251.47052777970478
2017-10-06,252.16201366647493
2017-10-09,249.02505214735388
2017-10-10,249.04712050023286
2017-10-11,250.26091755733165
2017-10-12,250.0873377817554
2017-10-13,250.31398397271164
2017-10-16,252.2976858598224
2017-10-17,251.26084850622257
2017-10-18,254.7028530268852
2017-10-19,253.969509795463
2017-10-20,257.2636332617971
2017-10-23,259.79347724166746
2017-10-24,260.8612890017196
2017-10-25,264.71101536879826
2017-10-26,263.65004711148157
2017-10-27,263.3501371698418
2017-10-30,259.08332111768334
2017-10-31,258.44202543510414
2017-11-01,256.33075856404633
2017-11-02,258.1233757271224
2017-11-03,260.8695569393183
2017-11-06,262.8486858590327
2017-11-07,261.98430395819895
2017-11-08,263.32964682773377
2017-11-09,263.5911999681035
2017-11-10,262.85189274083046
2017-11-13,261.56903368154644
2017-11-14,261.22520863097856
2017-11-15,261.69910375545
2017-11-16,261.24309376542413
2017-11-17,263.1884094284425
2017-11-20,262.12667341146243
2017-11-21,263.02839095858735
2017-11-22,261.0041135794468
2017-11-23,261.15012680176505
2017-11-24,259.17020165346696
2017-11-27,257.03795476990246
2017-11-28,256.5176033563817
2017-11-29,255.4736309916426
2017-11-30,258.0425027184285
2017-12-01,256.7477971443424
2017-12-04,256.80613737776974
2017-12-05,260.1683966230371
2017-12-06,264.0855402858889
2017-12-07,263.88905885559655
2017-12-08,266.3888050106151
2017-12-11,268.839207576089
2017-12-12,266.28084656821227
2017-12-13,265.3506775382132
2017-12-14,268.7400028163322
2017-12-15,270.19171237551717
2017-12-18,275.28134269129373
2017-12-19,277.06871996014627
2017-12-20,271.35574902059585
2017-12-21,268.66300891585587
2017-12-22,267.1168498237443
2017-12-25,267.3860299084268
2017-12-26,268.3446339467804
2017-12-27,266.59840749097725
2017-12-28,265.8702883669458
2017-12-29,266.774048943152
2018-01-01,273.3007806472244
2018-01-02,276.995571088668
2018-01-03,279.62960646960755
2018-01-04,283.4291843441402
2018-01-05,284.2523463670534
2018-01-08,281.52446188839787
2018-01-09,281.17720688925107
2018-01-10,282.644903836364
2018-01-11,284.11058452449606
2018-01-12,284.41054940874403
2018-01-15,288.5841262055399
2018-01-16,290.2670805917063
2018-01-17,291.654222928792
2018-01-18,289.17069331608826
2018-01-19,292.5780291113517
2018-01-22,288.84780501538853
2018-01-23,283.7922256039614
2018-01-24,284.59383922278016
2018-01-25,278.4437244892177
2018-01-26,277.26882959609003
2018-01-29,277.3623612844411
2018-01-30,275.91662184074477
2018-01-31,280.9088765268575
2018-02-01,278.7557835045954
2018-02-02,276.71789002341865
2018-02-05,276.4241896503396
2018-02-06,275.88084044718136
2018-02-07,276.9387101200552
2018-02-08,276.4902723073752
2018-02-09,275.6975670443537
2018-02-12,272.3499681013514
2018-02-13,272.8064081652869
2018-02-14,272.7462897639445
2018-02-15,271.9143912295579
2018-02-16,269.2046375916747
2018-02-19,271.75430076924243
2018-02-20,274.00880468676314
2018-02-21,274.1324917144165
2018-02-22,280.0513294509523
2018-02-23,283.59190470535356
2018-02-26,280.44151510415327
2018-02-27,280.8606516207822
2018-02-28,279.2294716978668
2018-03-01,282.86746149861455
2018-03-02,282.22477324609866
2018-03-05,282.6830477116964
2018-03-06,282.34272561863315
2018-03-07,282.9762465540749
2018-03-08,281.2084009625005
2018-03-09,281.8519811239979
2018-03-12,279.34275276059367
2018-03-13,281.4687018197622
2018-03-14,283.5626635711142
2018-03-15,285.7391420964645
2018-03-16,283.8479282547945
2018-03-19,281.01185419964565
2018-03-20,283.279115654767
2018-03-21,280.41692685498776
2018-03-22,277.83712509389085
2018-03-23,280.38778679559056
2018-03-26,280.960551872406
2018-03-27,279.5922427433958
2018-03-28,278.07504217793974
2018-03-29,280.8959519617199
2018-03-30,280.40100881310764
2018-04-02,282.87934470343185
2018-04-03,282.3715079907364
2018-04-04,282.87517520399945
2018-04-05,276.7499756437326
2018-04-06,277.278225647459
2018-04-09,277.36314589063255
2018-04-10,276.4908895939579
2018-04-11,277.06527782134
2018-04-12,276.55091988433117
2018-04-13,275.38134995739176
2018-04-16,278.8849152070677
2018-04-17,279.8014563674692
2018-04-18,282.17308467237774
2018-04-19,279.90405557131714
2018-04-20,277.66279372029305
2018-04-23,272.6100716831325
2018-04-24,273.36226775330215
2018-04-25,270.51750851462
2018-04-26,271.86520157738505
2018-04-27,273.8815225127532
2018-04-30,272.3314652176348
2018-05-01,270.70276998002294
2018-05-02,270.1188823796142
2018-05-03,270.0762506720305
2018-05-04,269.7125483507765
2018-05-07,269.35076273196705
2018-05-08,270.15374942734593
2018-05-09,268.4859070020563
2018-05-10,264.9158249603956
2018-05-11,262.7824501357871
2018-05-14,267.36852593611616
2018-05-15,268.09481587784785
2018-05-16,267.8665674004133
2018-05-17,271.01862334931775
2018-05-18,271.72670905598073
2018-05-21,271.68741995140726
2018-05-22,272.4117039412183
2018-05-23,272.17701536862194
2018-05-24,275.94218150638955
2018-05-25,276.6979828314447
2018-05-28,278.4272163409211
2018-05-29,280.11481457769605
2018-05-30,282.428764458689
2018-05-31,283.122359388637
2018-06-01,285.4507953749581
2018-06-04,287.9078220613446
2018-06-05,287.194760781578
2018-06-06,288.9688805681983
2018-06-07,287.5018716581331
2018-06-08,287.38374773230424
2018-06-11,289.65082007451394
2018-06-12,290.7672818252451
2018-06-13,292.0894367324071
2018-06-14,292.9655979861943
2018-06-15,293.02997282582714
2018-06-18,293.23430089372636
2018-06-19,291.38726217686536
2018-06-20,291.2633723634551
2018-06-21,292.24485668125806
2018-06-22,290.2331523511306
2018-06-25,289.85023658472755
2018-06-26,286.02582116926027
2018-06-27,286.1157000257215
2018-06-28,290.4786235814041
2018-06-29,287.6606335727868
2018-07-02,288.07595963052216
2018-07-03,283.8478089865592
2018-07-04,281.6830345663182
2018-07-05,285.88823535338787
2018-07-06,285.90290781917275
2018-07-09,288.48667869830365
2018-07-10,289.97984334069093
2018-07-11,288.98444829605893
2018-07-12,290.3171398116816
2018-07-13,291.2231985968947
2018-07-16,288.3989134773066
2018-07-17,291.54351758600274
2018-07-18,289.2845877534596
2018-07-19,290.27875943294
2018-07-20,292.66934150685626
2018-07-23,292.33318867874686
2018-07-24,293.2881506336872
2018-07-25,295.36115681731445
2018-07-26,297.81240385887577
2018-07-27,294.9297053148782
2018-07-30,292.9055445476618
2018-07-31,297.50726562058566
2018-08-01,298.0259226449431
2018-08-02,299.9790358521567
2018-08-03,298.04836529086754
2018-08-06,294.0466159069944
2018-08-07,295.90644304031866
2018-08-08,296.1516667576556
2018-08-09,298.1931122022632
2018-08-10,297.79119784292675
2018-08-13,299.9025323426972
2018-08-14,299.0094982901001
2018-08-15,299.10320482755026
2018-08-16,297.81279910326657
2018-08-17,294.1809212518861
2018-08-20,291.31261097494445
2018-08-21,293.2878343691843
2018-08-22,292.5767507273263
2018-08-23,294.5359928771512
2018-08-24,297.053315530264
2018-08-27,295.8912861685329
2018-08-28,294.58338442862095
2018-08-29,289.5558871552368
2018-08-30,289.45491572555085
2018-08-31,293.40010392232523
2018-09-03,297.2489453031996
2018-09-04,298.04116981418736
2018-09-05,302.207563727154
2018-09-06,301.0785187597005
2018-09-07,304.3093246401139
2018-09-10,306.53379223100876
2018-09-11,300.9084935524739
2018-09-12,302.5422473329972
2018-09-13,301.7804955377904
2018-09-14,299.61930997577383
2018-09-17,296.6970177971062
2018-09-18,294.408799443823
2018-09-19,295.8989635176984
2018-09-20,299.50288548845555
2018-09-21,303.7396101734039
2018-09-24,298.89223493962464
2018-09-25,298.56444771888494
2018-09-26,295.24063890104145
2018-09-27,296.814475719833
2018-09-28,300.05737312386657
2018-10-01,301.4547604706409
2018-10-02,299.9471189606241
2018-10-03,301.1273818455702
2018-10-04,299.70469771221497
2018-10-05,296.89410905240993
2018-10-08,292.8237225070831
2018-10-09,298.9624510834571
2018-10-10,297.62253761697906
2018-10-11,299.4734810298349
2018-10-12,299.6573188496556
2018-10-15,297.8853281239473
2018-10-16,299.2931240910663
2018-10-17,300.25881259177834
2018-10-18,302.66030758149276
2018-10-19,304.41090321975184
2018-10-22,309.24913564933905
2018-10-23,311.0013003235909
2018-10-24,308.41517666387983
2018-10-25,308.23148062185817
2018-10-26,308.87288169795005
2018-10-29,308.74624296889976
2018-10-30,305.77465830891543
2018-10-31,306.0663058731058
2018-11-01,305.76773440198536
2018-11-02,305.0000068390218
2018-11-05,305.4527866904834
2018-11-06,304.4529026789041
2018-11-07,304.9116416344114
2018-11-08,304.13219734731115
2018-11-09,308.7454544517937
2018-11-12,312.1228959330823
2018-11-13,308.96335663169657
2018-11-14,308.04214623079906
2018-11-15,309.4827108242046
2018-11-16,310.8616239711267
2018-11-19,314.4612968937622
2018-11-20,312.6472268597469
2018-11-21,315.474370582346
2018-11-22,317.16186530621746
2018-11-23,321.1237695838178
2018-11-26,324.2528591827692
2018-11-27,323.9270756181457
2018-11-28,324.74940929046545
2018-11-29,322.0867428722015
2018-11-30,319.8168904419464
2018-12-03,319.1606916615658
2018-12-04,317.15764862266826
2018-12-05,315.7821881748132
2018-12-06,315.0857822969425
2018-12-07,309.0034680213223
2018-12-10,307.7912319478745
2018-12-11,309.35687414605104
2018-12-12,303.38274948547354
2018-12-13,302.71453542839106
2018-12-14,296.7279379853431
2018-12-17,296.2491979415476
2018-12-18,297.68216242132803
2018-12-19,296.29505452490497
2018-12-20,293.6276163403706
2018-12-21,290.63422812696973
2018-12-24,287.2077008210753
2018-12-25,285.61504872257706
2018-12-26,286.0103054877953
2018-12-27,284.5920657294648
2018-12-28,284.84952701253275
2018-12-31,283.8854619443905
2019-01-01,282.86196407290396
2019-01-02,283.7182726064637
2019-01-03,283.078325306799
2019-01-04,282.24700378987984
2019-01-07,279.4619794300834
2019-01-08,280.29019300692534
2019-01-09,277.46340939941024
2019-01-10,272.9057701781634
2019-01-11,276.1841186021176
2019-01-14,280.30346221838636
2019-01-15,279.3947983954408
2019-01-16,279.14979595188083
2019-01-17,278.3462614567476
2019-01-18,276.3052331798867
2019-01-21,278.9524012677173
2019-01-22,282.3889712340045
2019-01-23,283.0590565194624
2019-01-24,283.8669049913351
2019-01-25,283.96841144948297
2019-01-28,284.7668651989306
2019-01-29,285.8356489286035
2019-01-30,284.83060266091076
2019-01-31,285.677977892958
2019-02-01,283.50636461662424
2019-02-04,282.3627921014905
2019-02-05,285.65836376134575
2019-02-06,283.1389621928591
2019-02-07,284.70232891664773
2019-02-08,286.0457208104765
2019-02-11,286.6787511417578
2019-02-12,287.49750540143174
2019-02-13,288.0394863055175
2019-02-14,285.6297283076982
2019-02-15,287.4295163981875
2019-02-18,286.6053482864507
2019-02-19,286.66450163122437
2019-02-20,287.09452252765345
2019-02-21,289.714166885109
2019-02-22,287.1346573312293
2019-02-25,282.2908889824899
2019-02-26,280.1659174201478
2019-02-27,282.84680975735455
2019-02-28,283.15783132097937
2019-03-01,284.20945430747093
2019-03-04,283.60917536606746
2019-03-05,284.6474039033112
2019-03-06,284.5925602332193
2019-03-07,287.8919076858458
2019-03-08,289.7296449900812
2019-03-11,289.52646564577594
2019-03-12,291.3276294134023
2019-03-13,291.21261100212075
2019-03-14,292.93812120519596
2019-03-15,293.90794068982433
2019-03-18,290.7971166209445
2019-03-19,291.1756768296341
2019-03-20,291.61827358339053
2019-03-21,290.8865152302053
2019-03-22,289.55504984759307
2019-03-25,288.65052988872503
2019-03-26,285.8866679202111
2019-03-27,282.5100331630441
2019-03-28,283.3439537734435
2019-03-29,283.2685543802863
2019-04-01,281.8836586988248
2019-04-02,277.6409414246326
2019-04-03,278.3288348844456
2019-04-04,279.90713567765766
2019-04-05,277.7828111038338
2019-04-08,279.7755026976744
2019-04-09,284.4221929214775
2019-04-10,284.125153639087
2019-04-11,285.95069629789094
2019-04-12,288.2227742609283
2019-04-15,287.29602789208394
2019-04-16,288.7437950896186
2019-04-17,291.31525812555225
2019-04-18,290.28609198761586
2019-04-19,289.2707173174048
2019-04-22,290.91045032218864
2019-04-23,291.54178948952654
2019-04-24,290.0319823853614
2019-04-25,294.128266605841
2019-04-26,298.4081040555255
2019-04-29,297.8140345098994
2019-04-30,299.234863452366
2019-05-01,297.03735503859093
2019-05-02,297.7329837958782
2019-05-03,296.5988206932558
2019-05-06,298.44396784689695
2019-05-07,298.0082830863743
2019-05-08,292.2993538080424
2019-05-09,290.8594590972317
2019-05-10,291.0654749402074
2019-05-13,285.73526575528064
2019-05-14,284.66213505656685
2019-05-15,281.70132574042316
2019-05-16,283.09709275138044
2019-05-17,280.366103578762
2019-05-20,281.9491610962487
2019-05-21,279.8493087757849
2019-05-22,279.4924315069724
2019-05-23,279.5668324460934
2019-05-24,279.99049117533804
2019-05-27,284.08785238163887
2019-05-28,284.5569059888528
2019-05-29,283.897722026403
2019-05-30,278.05361701893287
2019-05-31,277.0575439339591
2019-06-03,278.1502262720637
2019-06-04,279.0845099245951
2019-06-05,282.7625985075643
2019-06-06,281.66284204789054
2019-06-07,280.8894098940495
2019-06-10,280.05870337493224
2019-06-11,281.16148764480016
2019-06-12,282.4897280486614
2019-06-13,281.56126631967464
2019-06-14,283.3994210850347
2019-06-17,283.8425209858959
2019-06-18,281.23317658078
2019-06-19,279.44360177864536
2019-06-20,280.89605585475346
2019-06-21,279.76655005877575
2019-06-24,279.84214510804367
2019-06-25,279.1782298941782
2019-06-26,279.30594938558227
2019-06-27,278.97475793766483
2019-06-28,280.6570387278955
2019-07-01,282.6780300578231
2019-07-02,282.1268337322951
2019-07-03,282.24075535937624
2019-07-04,280.2099589221301
2019-07-05,281.5351367497163
2019-07-08,280.39229913112365
2019-07-09,278.41662939788574
2019-07-10,278.0974867927818
2019-07-11,279.471925476716
2019-07-12,277.0395521638288
2019-07-15,279.32898128366344
2019-07-16,278.40648136695665
2019-07-17,277.1567587397408
2019-07-18,278.3380206414229
2019-07-19,275.44180924317914
2019-07-22,274.0954894177501
2019-07-23,278.33037720091085
2019-07-24,278.62875468810245
2019-07-25,277.2389565378946
2019-07-26,281.4550864023138
2019-07-29,282.50694657471445
2019-07-30,282.66515155056055
2019-07-31,283.16863318710466
2019-08-01,278.52101534681555
2019-08-02,276.0364396676396
2019-08-05,275.8112812140011
2019-08-06,278.59136687713556
2019-08-07,275.27869753622673
2019-08-08,278.92168743839886
2019-08-09,276.9354804424548
2019-08-12,276.62026157090594
2019-08-13,275.87639862618204
2019-08-14,273.5738384454436
2019-08-15,272.2621966319101
2019-08-16,272.82929046664293
2019-08-19,270.57467297661
2019-08-20,267.82345226731906
2019-08-21,266.5274972053464
2019-08-22,269.6003028373352
2019-08-23,270.85864671250187
2019-08-26,271.59195296136016
2019-08-27,273.1758360227704
2019-08-28,272.28588781257736
2019-08-29,271.2608215192188
2019-08-30,274.0184361921162
2019-09-02,272.8546651637263
2019-09-03,273.3259438485769
2019-09-04,273.3766995058
2019-09-05,270.24672726530235
2019-09-06,271.68252304442893
2019-09-09,272.43809308249075
2019-09-10,268.76326423041326
2019-09-11,270.70183134001735
2019-09-12,269.9532514766069
2019-09-13,268.2622637953608
2019-09-16,267.6210946719197
2019-09-17,266.85655877289133
2019-09-18,267.23457466551815
2019-09-19,266.7584816081997
2019-09-20,266.195291173467
2019-09-23,266.6183701392182
2019-09-24,266.61923479528645
2019-09-25,270.3230531672183
2019-09-26,271.2122541791614
2019-09-27,273.66141062431217
2019-09-30,276.3900181538332
2019-10-01,274.91886247364886
2019-10-02,271.3962442207333
2019-10-03,269.5894986670488
2019-10-04,269.11663763737744
2019-10-07,270.4610448305022
2019-10-08,270.6557816775841
2019-10-09,271.9363412933553
2019-10-10,272.1597628090035
2019-10-11,273.9220244317912
2019-10-14,275.59378466882896
2019-10-15,272.90329215852637
2019-10-16,271.0398935363506
2019-10-17,269.41815411220375
2019-10-18,269.5401913429399
2019-10-21,265.41477394858714
2019-10-22,267.0398663771854
2019-10-23,266.91651403341007
2019-10-24,270.2850644718135
2019-10-25,270.3588667077115
2019-10-28,270.9977087609999
2019-10-29,272.55082320175916
2019-10-30,270.1312591845399
2019-10-31,268.99281626191356
2019-11-01,268.70451329627343
2019-11-04,271.36214871557945
2019-11-05,271.10835510933885
2019-11-06,272.5789362421651
2019-11-07,273.5092169479827
2019-11-08,272.34565787703485
2019-11-11,273.6171321898083
2019-11-12,274.91313096093205
2019-11-13,278.03722947003706
2019-11-14,277.7154629564512
2019-11-15,278.00892605114853
2019-11-18,276.2772897992256
2019-11-19,276.0323337842634
2019-11-20,279.50406189836576
2019-11-21,279.5704058514138
2019-11-22,276.78319910438387
2019-11-25,278.09122026283126
2019-11-26,277.5757667327908
2019-11-27,282.5216102781142
2019-11-28,281.0820166328602
2019-11-29,279.52720672687286
2019-12-02,280.6315429282443
2019-12-03,275.99128168300376
2019-12-04,277.69844548045046
2019-12-05,278.4118441580284
2019-12-06,275.83098596875465
2019-12-09,274.52796262965325
2019-12-10,274.5484259675071
2019-12-11,278.37376326468654
2019-12-12,277.4818767357845
2019-12-13,278.5544379408661
2019-12-16,277.5026401303252
2019-12-17,276.30032182517783
2019-12-18,278.85450562680705
2019-12-19,280.6865910256812
2019-12-20,282.3348715749844
2019-12-23,280.2911938211887
2019-12-24,281.737343820269
2019-12-25,282.9161660437797
2019-12-26,288.54598881559764
2019-12-27,287.44016543405166
2019-12-30,284.168340939406
2019-12-31,282.86416574819805
2020-01-01,287.36282966668125
2020-01-02,285.3054057262443
2020-01-03,283.56381100682853
2020-01-06,284.2770588457192
2020-01-07,282.69091141998064
2020-01-08,281.72480076028984
2020-01-09,283.9882602137993
2020-01-10,283.31147655762805
2020-01-13,283.5470149900809
2020-01-14,280.98240738519837
2020-01-15,282.60885215925435
2020-01-16,282.5906196364177
2020-01-17,286.69464696729153
2020-01-20,287.319200699786
2020-01-21,283.62854902345987
2020-01-22,284.7194324524447
2020-01-23,287.19441495935865
2020-01-24,286.666164991504
2020-01-27,289.09277211205324
2020-01-28,285.6016665657015
2020-01-29,282.84143818881626
2020-01-30,284.489316659455
2020-01-31,285.8898646424119
2020-02-03,283.6535228082504
2020-02-04,281.87510953329655
2020-02-05,281.0188425152018
2020-02-06,278.09848802884403
2020-02-07,279.54426091604114
2020-02-10,278.7438213725408
2020-02-11,278.25346883262847
2020-02-12,277.2928097700217
2020-02-13,275.15061365903614
2020-02-14,277.8816547206194
2020-02-17,279.27568282892855
2020-02-18,282.8521510255489
2020-02-19,282.6762916686499
2020-02-20,281.778418888112
2020-02-21,277.74510322420014
2020-02-24,272.9589511278808
2020-02-25,271.7151877408168
2020-02-26,271.8505706350474
2020-02-27,273.0389420630314
2020-02-28,274.3404676520517
2020-03-02,275.90834239055346
2020-03-03,277.2434602134114
2020-03-04,276.02563617413523
2020-03-05,277.44727194511813
2020-03-06,277.27143513376376
2020-03-09,273.6496185398826
2020-03-10,271.5644559989088
2020-03-11,269.06237924916854
2020-03-12,269.25621010492955
2020-03-13,267.090713758531
2020-03-16,268.03947090713575
2020-03-17,266.2182748251488
2020-03-18,264.6079659667088
2020-03-19,265.47399684822443
2020-03-20,267.4911435084929
2020-03-23,269.45599065436573
2020-03-24,272.23611333757754
2020-03-25,274.5767576788638
2020-03-26,274.25660735087973
2020-03-27,273.483998784607
2020-03-30,271.1776037172877
2020-03-31,270.73709123999544
2020-04-01,272.0745361541178
2020-04-02,272.6032911288242
2020-04-03,270.07098622018344
2020-04-06,267.26176579393933
2020-04-07,267.0023798387421
2020-04-08,265.8775137748611
2020-04-09,264.2077777507131
2020-04-10,261.8781277304769
2020-04-13,257.83942082987977
2020-04-14,257.32004599967337
2020-04-15,259.40471665572903
2020-04-16,260.1624323156663
2020-04-17,261.8758597205006
2020-04-20,261.33259550228314
2020-04-21,262.63179965294717
2020-04-22,263.6982980828101
2020-04-23,263.78777958537387
2020-04-24,262.987389308579
2020-04-27,264.9804273260026
2020-04-28,262.0309268492888
2020-04-29,263.1665133653647
2020-04-30,262.5368695951251
2020-05-01,263.00968220691794
2020-05-04,259.05298413962447
2020-05-05,258.703518309874
2020-05-06,260.3827601376737
2020-05-07,261.09545549644287
2020-05-08,261.88630341445617
2020-05-11,260.1359299873758
2020-05-12,258.1018619566755
2020-05-13,252.85824301819844
2020-05-14,250.88665799256614
2020-05-15,250.96640047283665
2020-05-18,247.89461280008163
2020-05-19,247.37961964593902
2020-05-20,249.37774519289718
2020-05-21,246.0055567121683
2020-05-22,245.8934054070077
2020-05-25,246.06681906578825
2020-05-26,246.40157317221676
2020-05-27,244.3567989588951
2020-05-28,244.29472271165588
2020-05-29,242.68658986056485
2020-06-01,241.35247114259695
2020-06-02,243.73209725604622
2020-06-03,242.29733873873957
2020-06-04,242.997121213058
2020-06-05,244.48684106462312
2020-06-08,245.31239043039798
2020-06-09,244.45531016482337
2020-06-10,244.30122487603043
2020-06-11,241.68649163045
2020-06-12,240.7074331110747
2020-06-15,239.76698983823056
2020-06-16,240.05517417846244
2020-06-17,239.4594639024434
2020-06-18,231.66155114589077
2020-06-19,230.38861520331494
2020-06-22,231.21739214167567
2020-06-23,231.79051478596767
2020-06-24,233.52347891005496
2020-06-25,231.37258774787716
2020-06-26,231.0228323426279
2020-06-29,231.4256907652058
2020-06-30,232.57729985679853
2020-07-01,232.57675207702934
2020-07-02,236.7959712135245
2020-07-03,238.06802276781048
2020-07-06,236.5726310123649
2020-07-07,236.056370207543
2020-07-08,233.01115905499162
2020-07-09,235.2435729297485
2020-07-10,236.33343302974205
2020-07-13,237.76994716205286
2020-07-14,238.49891874659437
2020-07-15,240.231771792886
2020-07-16,239.36783885315614
2020-07-17,238.37485965064297
2020-07-20,236.93078049076024
2020-07-21,238.86305080007685
2020-07-22,239.0115996153135
2020-07-23,238.07287251046745
2020-07-24,239.74848533935673
2020-07-27,241.64148196730912
2020-07-28,244.43099354466028
2020-07-29,244.78381037720115
2020-07-30,245.61888911469117
2020-07-31,246.27171354322584
2020-08-03,247.60701706960964
2020-08-04,248.1644662618964
2020-08-05,251.0250500411617
2020-08-06,251.74908748866312
2020-08-07,252.24314429328962
2020-08-10,249.5791746377322
2020-08-11,253.47360552553386
2020-08-12,251.3767650435566
2020-08-13,253.67602030257328
2020-08-14,254.47754650546446
2020-08-17,249.81605179951276
2020-08-18,253.660823289216
2020-08-19,253.02552261355333
2020-08-20,255.6758650435917
2020-08-21,256.8352489124673
2020-08-24,255.68392783589667
2020-08-25,254.63890135935085
2020-08-26,256.27027632219506
2020-08-27,256.5905186320266
2020-08-28,257.0072103685755
2020-08-31,258.52565983362246
2020-09-01,255.52680250792696
2020-09-02,255.27406577359045
2020-09-03,255.06449158512834
2020-09-04,253.44638972850203
2020-09-07,254.6580740568967
2020-09-08,258.12127437688986
2020-09-09,261.8254401292333
2020-09-10,262.9565769231877
2020-09-11,262.6149127967996
2020-09-14,264.94107343416243
2020-09-15,266.3404636241602
2020-09-16,261.9951984961799
2020-09-17,265.20969037770124
2020-09-18,263.0345775336663
2020-09-21,266.63007448799726
2020-09-22,267.66717064626835
2020-09-23,264.48130269122953
2020-09-24,265.0077427492834
2020-09-25,266.7681482791566
2020-09-28,268.3749092496379
2020-09-29,268.53662600405124
2020-09-30,270.4778600677153
2020-10-01,269.0305542482322
2020-10-02,268.5563289579188
2020-10-05,269.63322618170554
2020-10-06,271.30432783800853
2020-10-07,273.5754556004409
2020-10-08,275.6327021702326
2020-10-09,270.59457569702056
2020-10-12,272.41786923262094
2020-10-13,274.00130683508104
2020-10-14,273.73274413979186
2020-10-15,270.95134962288154
2020-10-16,271.60470355364225
2020-10-19,269.41434175844347
2020-10-20,265.75091089623237
2020-10-21,264.78054576067314
2020-10-22,268.27183154598424
2020-10-23,268.4587807958407
2020-10-26,269.6853933137982
2020-10-27,271.8159709923439
2020-10-28,269.05122275130753
2020-10-29,271.8356655415652
2020-10-30,275.0963940145132
2020-11-02,275.32674947884203
2020-11-03,276.1814049415023
2020-11-04,275.8603460146494
2020-11-05,273.8401125739669
2020-11-06,273.2828194609352
2020-11-09,270.85066055689185
2020-11-10,270.76815053201886
2020-11-11,273.76860153402305
2020-11-12,271.37000268710983
2020-11-13,269.1046877354984
2020-11-16,266.78367824226797
2020-11-17,267.2741443277924
2020-11-18,264.65894521575154
2020-11-19,267.8626783956327
2020-11-20,264.6215405460617
2020-11-23,266.5019261809883
2020-11-24,265.56829366053114
2020-11-25,265.82546088398414
2020-11-26,269.3158473293413
2020-11-27,270.2228395585667
2020-11-30,273.88814640619506
2020-12-01,272.84253849286506
2020-12-02,273.1159302888304
2020-12-03,275.7444980626686
2020-12-04,276.8842007747288
2020-12-07,277.0716206588446
2020-12-08,275.5072747594356
2020-12-09,277.05846455286934
2020-12-10,278.84828358309323
2020-12-11,275.87820384364073
2020-12-14,275.31662733275925
2020-12-15,275.61990052840633
2020-12-16,276.1073466327284
2020-12-17,275.24404312431886
2020-12-18,274.79871064503413
2020-12-21,277.1789417708758
2020-12-22,277.9847809578122
2020-12-23,274.9260790676786
2020-12-24,277.4556715258666
2020-12-25,278.5837127235751
2020-12-28,277.79941192206053
2020-12-29,278.42937417657475
2020-12-30,277.671457177662
2020-12-31,280.8950209753508
2021-01-01,280.278891263592
2021-01-04,278.4921095384276
2021-01-05,280.31736554640946
2021-01-06,276.0999790077272
2021-01-07,275.8898516531448
2021-01-08,275.6661717317814
2021-01-11,278.02393016429494
2021-01-12,281.27550731147306
2021-01-13,279.78847938399394
2021-01-14,277.2248843741438
2021-01-15,272.799710646527
2021-01-18,273.01982713979464
2021-01-19,275.21110064858954
2021-01-20,275.4540590455142
2021-01-21,274.46794993031534
2021-01-22,273.14486725451314
2021-01-25,274.368235319425
2021-01-26,271.3882354423691
2021-01-27,275.01241121737684
2021-01-28,274.2799788299408
2021-01-29,273.08099726657764
2021-02-01,278.62337617950084
2021-02-02,284.1537968821877
2021-02-03,285.3095928752705
2021-02-04,285.53937770290486
2021-02-05,283.4373146320222
2021-02-08,286.2793620369182
2021-02-09,290.9401135078238
2021-02-10,291.1983113713146
2021-02-11,290.22361092961614
2021-02-12,290.4135105539657
2021-02-15,292.15836761784135
2021-02-16,287.78189254537415
2021-02-17,285.1171438273631
2021-02-18,288.9935761373462
2021-02-19,294.18368020711034
2021-02-22,293.95636775710653
2021-02-23,296.36748869908536
2021-02-24,298.310223101201
2021-02-25,298.92994272922533
2021-02-26,299.8118749565863
2021-03-01,302.8542446032093
2021-03-02,305.32965425467205
2021-03-03,300.85089472200184
2021-03-04,303.27691757562945
2021-03-05,300.34700313411076
2021-03-08,300.4488658025362
2021-03-09,300.3642383926749
2021-03-10,298.33457288327867
2021-03-11,295.24218448730943
2021-03-12,298.6337268761102
2021-03-15,296.1303744116375
2021-03-16,296.7605337147477
2021-03-17,295.91189478851976
2021-03-18,296.480364640996
2021-03-19,297.23404476047983
2021-03-22,293.7763632908472
2021-03-23,297.4125719953738
2021-03-24,298.91211550903495
2021-03-25,301.50595772009416
2021-03-26,298.95197052156044
2021-03-29,301.80878102459866
2021-03-30,301.70619214360903
2021-03-31,299.9614633917926
2021-04-01,298.08296482055465
2021-04-02,297.8096518313908
2021-04-05,298.29170635476373
2021-04-06,298.9014084994916
2021-04-07,301.5113863361615
2021-04-08,300.9092270065002
2021-04-09,300.41074703027215
2021-04-12,298.3005735403915
2021-04-13,298.8971838857845
2021-04-14,295.6612904271222
2021-04-15,295.25106029488455
2021-04-16,296.5330200357917
2021-04-19,298.6942292533898
2021-04-20,298.2349867375347
2021-04-21,295.7687107505957
2021-04-22,295.1984405665464
2021-04-23,295.00741871398895
2021-04-26,300.13751253962846
2021-04-27,301.3041836795863
2021-04-28,299.31598890421157
2021-04-29,300.5073257594212
2021-04-30,299.5728088589998
2021-05-03,299.27625019625674
2021-05-04,298.3226515034237
2021-05-05,299.33319280526723
2021-05-06,298.1847307281991
2021-05-07,296.47236555752056
2021-05-10,292.21266703707755
2021-05-11,287.5712920783147
2021-05-12,291.47280193342425
2021-05-13,287.17567941378934
2021-05-14,285.77357858910574
2021-05-17,286.3491621402017
2021-05-18,285.31281674246895
2021-05-19,285.9168549188214
2021-05-20,284.0317504367235
2021-05-21,278.9752416017087
2021-05-24,280.86537778497916
2021-05-25,282.72216262007316
2021-05-26,285.09458027630484
2021-05-27,287.32550085532426
2021-05-28,284.6763622013817
2021-05-31,282.7039552136195
2021-06-01,283.43705607623104
2021-06-02,281.3688146281459
2021-06-03,282.6898887770822
2021-06-04,281.4171989312055
2021-06-07,281.4381073619702
2021-06-08,280.52825926972355
2021-06-09,280.33202288603627
2021-06-10,281.7092920772644
2021-06-11,281.04031230669665
2021-06-14,287.5135184391168
2021-06-15,290.9182886380342
2021-06-16,294.1807283748289
2021-06-17,290.7533183089267
2021-06-18,291.22543547643124
2021-06-21,292.6181065802975
2021-06-22,293.1241188872827
2021-06-23,291.8445199575757
2021-06-24,292.93557149270913
2021-06-25,292.4402408644143
2021-06-28,292.06859230187433
2021-06-29,291.596806303036
2021-06-30,293.6337020343164
2021-07-01,297.2346987489828
2021-07-02,298.18124020290406
2021-07-05,296.7331884218431
2021-07-06,295.13375005338065
2021-07-07,294.71748209917206
2021-07-08,298.0891920911941
2021-07-09,300.88657101840386
2021-07-12,298.442779492524
2021-07-13,299.46394341192973
2021-07-14,304.1191536031256
2021-07-15,305.46191975418384
2021-07-16,307.33279437092034
2021-07-19,308.9183067898043
2021-07-20,309.83007390718154
2021-07-21,313.5185032955457
2021-07-22,312.50552267235565
2021-07-23,314.21330687411626
2021-07-26,312.91833605126214
2021-07-27,316.22364558014715
2021-07-28,313.11360084259576
2021-07-29,311.5405141805867
2021-07-30,310.64741610220835
2021-08-02,310.6449534751203
2021-08-03,304.7667043872311
2021-08-04,305.3788107134196
2021-08-05,305.6724952754916
2021-08-06,303.5432478445554
2021-08-09,303.5870573232281
2021-08-10,307.2245400424597
2021-08-11,312.69645696755964
2021-08-12,314.5426121068837
2021-08-13,310.32467721555463
2021-08-16,313.41025772318807
2021-08-17,318.6197702699038
2021-08-18,318.77384942908475
2021-08-19,323.4267545549325
2021-08-20,326.97807260752614
2021-08-23,329.5114168381772
2021-08-24,328.1345934306989
2021-08-25,330.8823521253497
2021-08-26,332.3403258509768
2021-08-27,335.67635769719885
2021-08-30,334.40937879395653
2021-08-31,333.72043270416225
2021-09-01,336.5688591536321
2021-09-02,343.75876157078847
2021-09-03,340.94311845881765
2021-09-06,340.7484118647121
2021-09-07,336.95175503226807
2021-09-08,336.07064051288654
2021-09-09,334.1503490281455
2021-09-10,329.93160646602144
2021-09-13,328.2274304705405
2021-09-14,331.4983659826793
2021-09-15,327.5849428960437
2021-09-16,323.5584046118887
2021-09-17,320.60172524961695
2021-09-20,322.3855625231311
2021-09-21,324.3593773638928
2021-09-22,324.13376924126055
2021-09-23,326.5507248695827
2021-09-24,324.1655808234402
2021-09-27,322.00428303025217
2021-09-28,325.4275071002895
2021-09-29,325.7717908461449
2021-09-30,324.3490873333674
2021-10-01,322.88838711462074
2021-10-04,321.2136989401231
2021-10-05,322.2746403668076
2021-10-06,324.9630411561911
2021-10-07,326.4921326161854
2021-10-08,329.7145051358252
2021-10-11,327.8188874857758
2021-10-12,324.802669439991
2021-10-13,324.60416408519757
2021-10-14,326.6438647289828
2021-10-15,332.06558071433926
2021-10-18,333.61652118294614
2021-10-19,337.35480448833675
2021-10-20,341.29299968299904
2021-10-21,347.75077075250874
2021-10-22,350.88732351966325
2021-10-25,347.33596357085526
2021-10-26,345.412993226246
2021-10-27,346.7703926693862
2021-10-28,350.79722469152154
2021-10-29,347.91566403115814
2021-11-01,341.55890016290243
2021-11-02,343.304707702488
2021-11-03,345.28091949507143
2021-11-04,348.2634289260217
2021-11-05,347.5856908023169
2021-11-08,346.77542371789576
2021-11-09,350.1846083912057
2021-11-10,351.9693777763287
2021-11-11,355.15391121425574
2021-11-12,358.03983758680243
2021-11-15,357.65864331483226
2021-11-16,352.83700924568114
2021-11-17,350.21058653032753
2021-11-18,351.12087674704577
2021-11-19,347.3347370322638
2021-11-22,353.97119312251255
2021-11-23,354.5236291475954
2021-11-24,351.8876546257436
2021-11-25,353.3363474672002
2021-11-26,355.92811626868513
2021-11-29,356.2899135000897
2021-11-30,359.18382587499156
2021-12-01,354.2636380446711
2021-12-02,353.0267849503809
2021-12-03,353.1958799471552
2021-12-06,342.60668416184427
2021-12-07,340.2151810191254
2021-12-08,339.9237511242984
2021-12-09,342.78737768880114
2021-12-10,347.07721269922473
2021-12-13,348.58226068026676
2021-12-14,347.571912102434
2021-12-15,348.1002625361918
2021-12-16,351.3697176919476
2021-12-17,349.46110728301164
2021-12-20,353.6350164215694
2021-12-21,356.1057916298762
2021-12-22,351.06647123060236
2021-12-23,345.13823156668593
2021-12-24,343.45510996278375
2021-12-27,342.25885923224035
2021-12-28,344.6647790621033
2021-12-29,347.7014152525709
2021-12-30,347.6505781227954
2021-12-31,352.6693043553559
2022-01-03,351.2491226511331
2022-01-04,350.3669475598028
2022-01-05,351.8480789791191
2022-01-06,352.54759829878
2022-01-07,348.76422426669006
2022-01-10,349.96309029011917
2022-01-11,347.941564462686
2022-01-12,341.8251362130811
2022-01-13,343.63085195634267
2022-01-14,339.2140938451156
2022-01-17,338.9430573722029
2022-01-18,339.1018488822069
2022-01-19,339.4228966185769
2022-01-20,345.39261136657035
2022-01-21,341.9076828204759
2022-01-24,343.7007895307438
2022-01-25,343.35771820382035
2022-01-26,342.89450965439545
2022-01-27,343.11059397282736
2022-01-28,341.4065725190499
2022-01-31,341.4478625265041
2022-02-01,339.5648064277559
2022-02-02,336.91075707564414
2022-02-03,338.8207483809156
2022-02-04,336.8698918520323
2022-02-07,338.89342537117375
2022-02-08,342.2757445148812
2022-02-09,342.4768354370766
2022-02-10,341.3834677151667
2022-02-11,345.3266134143997
2022-02-14,346.39808512282946
2022-02-15,344.7037678018865
2022-02-16,342.5475355332917
2022-02-17,342.9536763381221
2022-02-18,342.25731156404925
2022-02-21,339.9847667215976
2022-02-22,339.55800517617325
2022-02-23,341.3835833746008
2022-02-24,338.4704664128781
2022-02-25,334.7924962150728
2022-02-28,337.229248430001
2022-03-01,332.9105054790088
2022-03-02,331.5657215515782
2022-03-03,328.01792373695685
2022-03-04,327.6237972815272
2022-03-07,324.00324814409225
2022-03-08,322.8788636866551
2022-03-09,323.4268921743752
2022-03-10,323.0346343714544
2022-03-11,321.3742336702857
2022-03-14,320.54860512984106
2022-03-15,318.9219802755738
2022-03-16,320.0078745424461
2022-03-17,316.4852970552864
2022-03-18,320.0549130981905
2022-03-21,317.5031494406122
2022-03-22,315.28729108198996
2022-03-23,320.57429264636676
2022-03-24,320.62146438186136
2022-03-25,318.07851613407445
2022-03-28,317.67711918826774
2022-03-29,314.87648982497353
2022-03-30,314.71952463265603
2022-03-31,313.47858521051717
2022-04-01,312.3033815552267
2022-04-04,318.50432977768247
2022-04-05,313.3059890028535
2022-04-06,317.3119078921739
2022-04-07,318.6295535896849
2022-04-08,321.9903725238545
2022-04-11,322.96547149905786
2022-04-12,316.91468103104995
2022-04-13,323.90893423792346
2022-04-14,326.3541736622726
2022-04-15,328.1079659491566
2022-04-18,322.78882715970786
2022-04-19,325.01388095532434
2022-04-20,323.4841695182385
2022-04-21,324.59826443197863
2022-04-22,326.5279722352549
2022-04-25,325.83633448473825
2022-04-26,324.9140253362511
2022-04-27,319.95435981560905
2022-04-28,316.97313505344766
2022-04-29,319.2872098806198
2022-05-02,318.7354615536063
2022-05-03,315.879369559149
2022-05-04,313.313637846422
2022-05-05,311.68502486469316
2022-05-06,311.1592324444118
2022-05-09,311.53814976846235
2022-05-10,309.1779167993525
2022-05-11,313.1387962635576
2022-05-12,313.03249902256897
2022-05-13,314.4946885362513
2022-05-16,316.73413751447146
2022-05-17,320.55923626630596
2022-05-18,323.411926389648
2022-05-19,322.47230355523044
2022-05-20,323.84274113947384
2022-05-23,323.50772846930954
2022-05-24,319.1914586497044
2022-05-25,319.517897068272
2022-05-26,319.94957942141826
2022-05-27,318.28751702551136
2022-05-30,317.51389987916843
2022-05-31,318.49780169138285
2022-06-01,314.1787383734453
2022-06-02,317.85837245820045
2022-06-03,320.85678785562004
2022-06-06,323.78442172785464
2022-06-07,319.7959332198192
2022-06-08,320.1511199949456
2022-06-09,319.262559998178
2022-06-10,314.7895304782125
2022-06-13,315.50305007852256
2022-06-14,317.11212183939637
2022-06-15,316.25237647943044
2022-06-16,319.3388899800357
2022-06-17,319.8175037431809
2022-06-20,319.28710579572
2022-06-21,317.956566302747
2022-06-22,316.4525239546477
2022-06-23,311.5146848392082
2022-06-24,311.7144154440939
2022-06-27,311.15700844217366
2022-06-28,315.46614021532383
2022-06-29,317.3419299076527
2022-06-30,315.8255566564904
2022-07-01,316.77041517091544
2022-07-04,316.86649875136015
2022-07-05,317.66134288978736
2022-07-06,319.11719612008267
2022-07-07,322.6110486701108
2022-07-08,321.1957230022285
2022-07-11,318.9262003453707
2022-07-12,316.59907072764184
2022-07-13,314.8853291611661
2022-07-14,316.7031631394928
2022-07-15,318.1474041457927
2022-07-18,317.3171097748756
2022-07-19,317.4562240870342
2022-07-20,311.9867597780788
2022-07-21,314.69512482982964
2022-07-22,317.05282352120577
2022-07-25,318.18156606225705
2022-07-26,315.09308163854064
2022-07-27,318.99700035173674
2022-07-28,320.9634709581391
2022-07-29,323.5001714121703
2022-08-01,325.22078184347924
2022-08-02,321.43961703867444
2022-08-03,321.1183302152231
2022-08-04,317.5608884014506
2022-08-05,317.1523059548028
2022-08-08,316.50174815916415
2022-08-09,320.9627988982074
2022-08-10,322.4791426384177
2022-08-11,325.7664851386621
2022-08-12,321.01905245072334
2022-08-15,320.39839633152127
2022-08-16,315.87635083097274
2022-08-17,318.3566045729847
2022-08-18,320.4968044887127
2022-08-19,319.37748432713965
2022-08-22,319.6224326595763
2022-08-23,318.6442167636497
2022-08-24,324.01284353285536
2022-08-25,325.8347204801999
2022-08-26,320.55010964049717
2022-08-29,322.3182161978281
2022-08-30,320.9845601534772
2022-08-31,321.4565365479403
2022-09-01,319.86423390524055
2022-09-02,319.91496883961486
2022-09-05,321.84754701998094
2022-09-06,319.00572925382187
2022-09-07,319.9014893915958
2022-09-08,324.47810259014045
2022-09-09,325.33555121734804
2022-09-12,328.3855544014624
2022-09-13,326.99810896596233
2022-09-14,324.20588298814386
2022-09-15,324.05687285509595
2022-09-16,324.2033779922246
2022-09-19,325.7926336244854
2022-09-20,328.5456766024041
2022-09-21,327.0088648318451
2022-09-22,328.0032169120162
2022-09-23,328.1233767501936
2022-09-26,329.68106159054133
2022-09-27,328.90285942749347
2022-09-28,328.3799440909589
2022-09-29,323.9980946364015
2022-09-30,324.32199977498107
2022-10-03,318.8331217958155
2022-10-04,318.1085512103594
2022-10-05,312.28661404625933
2022-10-06,310.5677501729889
2022-10-07,307.59770166383043
2022-10-10,302.8710711231161
2022-10-11,298.0988519117065
2022-10-12,298.2810790862734
2022-10-13,295.15901961143544
2022-10-14,296.737435208708
2022-10-17,297.0241662552213
2022-10-18,298.87616596079533
2022-10-19,300.4312689896742
2022-10-20,301.65240198660206
2022-10-21,300.7483843726938
2022-10-24,303.04984305680387
2022-10-25,299.28225832482593
2022-10-26,296.8965511089649
2022-10-27,291.93265604262655
2022-10-28,288.808540447104
2022-10-31,288.4203009731257
2022-11-01,289.1719387005225
2022-11-02,287.8496230823442
2022-11-03,288.12342479917487
2022-11-04,287.0253945837201
2022-11-07,290.10081697200997
2022-11-08,287.4269734073686
2022-11-09,289.4171410519195
2022-11-10,291.01053850574175
2022-11-11,290.772618459478
2022-11-14,288.5121219939062
2022-11-15,291.20356124780795
2022-11-16,288.62922790174684
2022-11-17,292.46671178631584
2022-11-18,293.94394695362274
2022-11-21,295.54035464808516
2022-11-22,294.53451412194045
2022-11-23,294.72402270571916
2022-11-24,293.1764938910081
2022-11-25,293.0264031780172
2022-11-28,292.32282760312944
2022-11-29,292.0622809280882
2022-11-30,292.83144666078636
2022-12-01,297.7917716639969
2022-12-02,295.9105571523433
2022-12-05,294.9251247023598
2022-12-06,292.7255463902064
2022-12-07,292.0892229096002
2022-12-08,294.7174218416438
2022-12-09,292.73936691833933
2022-12-12,291.56837184404895
2022-12-13,291.56529560874327
2022-12-14,290.6695272249177
2022-12-15,289.8822578248194
2022-12-16,290.42656046614354
2022-12-19,295.6528682861451
2022-12-20,296.49569173327825
2022-12-21,295.3695215685802
2022-12-22,296.7604784843591
2022-12-23,299.14479668655594
2022-12-26,301.1646736373035
2022-12-27,304.1617577285048
2022-12-28,302.02484434432233
2022-12-29,302.51433947519126
2022-12-30,303.3627353909695
2023-01-02,306.59295175864514
2023-01-03,306.9906023770411
2023-01-04,300.85442382134977
2023-01-05,299.25555972202284
2023-01-06,299.5073764083415
2023-01-09,297.9797783799176
2023-01-10,296.5187918239931
2023-01-11,296.08956244851566
2023-01-12,295.648263612662
2023-01-13,298.58177035600494
2023-01-16,300.954003258911
2023-01-17,301.9931561442832
2023-01-18,299.20089782480693
2023-01-19,298.58892213583925
2023-01-20,299.3864155563007
2023-01-23,300.5629488936028
2023-01-24,304.3833259917381
2023-01-25,304.60268316921014
2023-01-26,303.8117304081705
2023-01-27,299.9726530895753
2023-01-30,299.6498614593706
2023-01-31,301.03852098839934
2023-02-01,302.4026486147328
2023-02-02,300.24852902110996
2023-02-03,299.59266134787896
2023-02-06,301.15105753301947
2023-02-07,301.5572868810632
2023-02-08,301.903479499124
2023-02-09,299.82249292162675
2023-02-10,304.39655148031505
2023-02-13,306.97677904503695
2023-02-14,308.57607988469334
2023-02-15,310.7263234667023
2023-02-16,312.1033008699473
2023-02-17,312.74319772344603
2023-02-20,311.5729910615777
2023-02-21,311.2270563776548
2023-02-22,310.70562501511273
2023-02-23,315.08941322282953
2023-02-24,310.75987183471744
2023-02-27,314.4238282852238
2023-02-28,318.02056589005485
2023-03-01,318.89551935822664
2023-03-02,317.5068471711596
2023-03-03,317.17089172474704
2023-03-06,317.547815980718
2023-03-07,320.51882877698546
2023-03-08,322.02554396376877
2023-03-09,318.64228195259864
2023-03-10,316.74887238195157
2023-03-13,316.36645773004716
2023-03-14,317.8019617284496
2023-03-15,315.3679022060129
2023-03-16,314.2088955566031
2023-03-17,312.1793887795558
2023-03-20,311.2211627972754
2023-03-21,312.2511119242795
2023-03-22,312.349192153662
2023-03-23,310.6278152799218
2023-03-24,309.3221698405734
2023-03-27,309.2670079010096
2023-03-28,313.465713207576
2023-03-29,316.49292172267303
2023-03-30,316.9149632736292
2023-03-31,317.88555091566633
2023-04-03,321.8759567251961
2023-04-04,318.0462770172896
2023-04-05,321.31978644095267
2023-04-06,324.10428563047606
2023-04-07,327.8422391682362
2023-04-10,331.74847981028444
2023-04-11,329.6849117898647
2023-04-12,326.2981561825649
2023-04-13,320.91870027774434
2023-04-14,325.344862635218
2023-04-17,322.7496766538992
2023-04-18,323.99000399819397
2023-04-19,328.8597575931332
2023-04-20,332.70469511975773
2023-04-21,332.33131793347826
2023-04-24,333.8051819246923
2023-04-25,333.3215837407943
2023-04-26,332.51560380466844
2023-04-27,334.3371109370869
2023-04-28,338.643306262963
2023-05-01,341.96883241958653
2023-05-02,340.47941724859163
2023-05-03,340.1622230955552
2023-05-04,344.33751021559226
2023-05-05,342.31599104926585
2023-05-08,344.746690216285
2023-05-09,345.404527027806
2023-05-10,346.2233363174365
2023-05-11,345.9539058542612
2023-05-12,338.6446476778046
2023-05-15,341.0968329773068
2023-05-16,340.8266523062975
2023-05-17,340.12610043902157
2023-05-18,347.21748436104536
2023-05-19,345.06655249204925
2023-05-22,344.5437390344134
2023-05-23,349.54088399768295
2023-05-24,352.0656811614034
2023-05-25,350.7350550393153
2023-05-26,347.527205978533
2023-05-29,349.33601552714856
2023-05-30,349.4533074799396
2023-05-31,349.14308488874445
2023-06-01,348.8786463592859
2023-06-02,354.44385204334424
2023-06-05,357.63664535873477
2023-06-06,356.2785767504265
2023-06-07,352.7827708221081
2023-06-08,352.54741116129105
2023-06-09,350.5769354189519
2023-06-12,348.8927996745057
2023-06-13,346.2745541228725
2023-06-14,345.67039976714756
2023-06-15,343.4817074649163
2023-06-16,341.8577535607882
2023-06-19,343.2467194895213
2023-06-20,346.06553128504214
2023-06-21,345.05233117954157
2023-06-22,347.1399065189423
2023-06-23,344.3890526612762
2023-06-26,342.83167977998363
2023-06-27,340.6387400756185
2023-06-28,343.4485014770268
2023-06-29,340.9895048599446
2023-06-30,335.91079288728724
2023-07-03,336.17434018770933
2023-07-04,332.08221598937166
2023-07-05,332.7966091063392
2023-07-06,330.3872115049551
2023-07-07,331.9779472161685
2023-07-10,330.32539964474836
2023-07-11,331.6411831351173
2023-07-12,329.4184407993449
2023-07-13,326.3937878355429
2023-07-14,327.1458012750561
2023-07-17,327.55390228159024
2023-07-18,331.7352786101025
2023-07-19,329.64943241736546
2023-07-20,329.3060610865353
2023-07-21,327.5597786451104
2023-07-24,331.49065474800193
2023-07-25,329.56478796055956
2023-07-26,330.9907825665641
2023-07-27,334.1291080358472
2023-07-28,327.66191138057457
2023-07-31,330.8735051839483
2023-08-01,332.46825015558585
2023-08-02,331.1861510073014
2023-08-03,334.1668474564494
2023-08-04,339.39829205937576
2023-08-07,340.8515853249352
2023-08-08,342.92280247929386
2023-08-09,344.91079440738855
2023-08-10,341.5072344293091
2023-08-11,339.5272123801161
2023-08-14,337.5321979975135
2023-08-15,335.12539094413916
2023-08-16,332.4056592360972
2023-08-17,333.78977911976403
2023-08-18,332.24793533965914
2023-08-21,331.7969461523301
2023-08-22,333.1585637918998
2023-08-23,334.8949755710068
2023-08-24,333.12854335735943
2023-08-25,336.9330721871278
2023-08-28,341.23926958087515
2023-08-29,337.1462842969159
2023-08-30,336.4644077594414
2023-08-31,340.3320034670894
2023-09-01,337.39288007589556
2023-09-04,335.9030831970412
2023-09-05,330.31776074949187
2023-09-06,334.4283073203274
2023-09-07,336.6765070448064
2023-09-08,329.9396123434079
2023-09-11,330.629607968168
2023-09-12,333.8434590669811
2023-09-13,333.4854352071588
2023-09-14,333.0954929869342
2023-09-15,335.12948064990616
2023-09-18,335.27742060989976
2023-09-19,329.3347092064583
2023-09-20,331.1922256302385
2023-09-21,328.3373708781887
2023-09-22,328.56827765553425
2023-09-25,327.046089820235
2023-09-26,330.3187021884208
2023-09-27,330.96690136262794
2023-09-28,327.39165097294926
2023-09-29,323.0846254642908
2023-10-02,325.1714357707014
2023-10-03,323.87491946044804
2023-10-04,325.17259811869735
2023-10-05,322.2080335687826
2023-10-06,323.276220249523
2023-10-09,323.10956474402366
2023-10-10,324.89761784134555
2023-10-11,319.85656318686773
2023-10-12,318.60067218199055
2023-10-13,319.302994532128
2023-10-16,322.32876620086034
2023-10-17,324.22275603424384
2023-10-18,321.89892262157065
2023-10-19,326.48373190184986
2023-10-20,328.50168299192563
2023-10-23,324.2374249660763
2023-10-24,320.77203960542295
2023-10-25,319.34152301540723
2023-10-26,318.9748161361027
2023-10-27,319.9579905455946
2023-10-30,317.3180406100259
2023-10-31,317.4217037703308
2023-11-01,313.9564650350255
2023-11-02,314.18013928861075
2023-11-03,315.68740880770554
2023-11-06,315.1199445101077
2023-11-07,315.443077114832
2023-11-08,316.80172270525924
2023-11-09,317.03538928640165
2023-11-10,315.8022447280988
2023-11-13,313.7731918090005
2023-11-14,310.3675414835604
2023-11-15,311.29914830255444
2023-11-16,310.8946610819155
2023-11-17,305.7266116278021
2023-11-20,308.02572017805363
2023-11-21,307.4691984643473
2023-11-22,306.0757691648345
2023-11-23,305.7705168259552
2023-11-24,305.69798359827496
2023-11-27,310.47240993109045
2023-11-28,308.9864440968795
2023-11-29,310.4385709291161
2023-11-30,308.4182337150274
2023-12-01,306.08015939773844
2023-12-04,309.9199664965701
2023-12-05,307.98965892830216
2023-12-06,306.336938555094
2023-12-07,307.23549672872525
2023-12-08,305.6973436451032
2023-12-11,308.9481477266524
2023-12-12,308.3129183462552
2023-12-13,311.0627019468131
2023-12-14,304.8872276289136
2023-12-15,304.0234804581753
2023-12-18,300.12687070342804
2023-12-19,297.8281296577012
2023-12-20,295.3931073180336
2023-12-21,296.06089357157595
2023-12-22,295.5528899913367
2023-12-25,294.8439031922986
2023-12-26,290.71947505131067
2023-12-27,295.79915459947614
2023-12-28,296.2859270777365
2023-12-29,298.2274064269143
2024-01-01,300.81303049790284
2024-01-02,302.40561276797376
2024-01-03,301.2114026290418
2024-01-04,305.64845891949955
2024-01-05,304.4055056003232
2024-01-08,306.7750932324002
2024-01-09,309.17450906007576
2024-01-10,308.5261790106534
2024-01-11,310.6904146261183
2024-01-12,311.9754856841095
2024-01-15,313.2187356486917
2024-01-16,309.519048244133
2024-01-17,313.8648527110769
2024-01-18,313.18500661095857
2024-01-19,312.6627731926603
2024-01-22,316.00294299290823
2024-01-23,315.4744975198775
2024-01-24,318.50933689335596
2024-01-25,315.7520599032123
2024-01-26,325.387882621005
2024-01-29,329.9130282046575
2024-01-30,330.4851021917424
2024-01-31,330.8366561467282
2024-02-01,332.168447675136
2024-02-02,330.5620370016934
2024-02-05,332.25115658861915
2024-02-06,335.4636446477842
2024-02-07,332.41766821221387
2024-02-08,333.1975796222284
2024-02-09,331.4808213492929
2024-02-12,330.887970876808
2024-02-13,331.15900659525016
2024-02-14,332.211235476963
2024-02-15,335.29581249061187
2024-02-16,335.6242936312068
2024-02-19,332.71310552676135
2024-02-20,332.93380412591256
2024-02-21,334.10984460264274
2024-02-22,334.9614466021312
2024-02-23,339.588694417616
2024-02-26,338.1566355472189
2024-02-27,337.59867178576906
2024-02-28,340.6903728135469
2024-02-29,342.13068468798946
2024-03-01,340.55712748518624
2024-03-04,336.8154045818169
2024-03-05,337.83426651112035
2024-03-06,335.7737380762866
2024-03-07,333.63463417975476
2024-03-08,332.08252448024143
2024-03-11,335.26069404468194
2024-03-12,336.05192415845664
2024-03-13,339.70088974288495
2024-03-14,339.1088860953292
2024-03-15,348.5038187502862
2024-03-18,346.86277712085143
2024-03-19,347.0802434619871
2024-03-20,349.2221388142641
2024-03-21,351.3030630030241
2024-03-22,349.2715207888167
2024-03-25,346.5308631404763
2024-03-26,349.2136085472137
2024-03-27,346.98202305328886
2024-03-28,345.3540249955617
2024-03-29,346.8478857839405
2024-04-01,345.5211786453549
2024-04-02,347.6279062499548
2024-04-03,347.5105499560462
2024-04-04,351.448985668755
2024-04-05,348.1217151978511
